Top Comment,Reply
Well done team Kenyaâ¤,
"This channel is racist! Report the channel, it edited the video to favor the white and not show the Kenyans receiving the medal ğŸ¥‡",
"Congs Kenya, lots of love from Uganda",
"Just WOW Kenya, what a run, what a stamina!",
I'm a south African love kenyans,
"Why are the most famous women in the world always reduced to performing in their underwear? Its ridiculous, unnecessary sexual objectification, just stop it.",
Nice,
Cherono ğŸ‡°ğŸ‡ªğŸ‡°ğŸ‡ªğŸ‡°ğŸ‡ªğŸ‡°ğŸ‡ªğŸ‡°ğŸ‡ªğŸ‡°ğŸ‡ªğŸ‡°ğŸ‡ªğŸ‡°ğŸ‡ªğŸ‡°ğŸ‡ªğŸ‡°ğŸ‡ªğŸ‡°ğŸ‡ªğŸ‡°ğŸ‡ªğŸ‡°ğŸ‡ªğŸ‡°ğŸ‡ªğŸ‡°ğŸ‡ªğŸ‡°ğŸ‡ªğŸ‡°ğŸ‡ªğŸ‡°ğŸ‡ªğŸ‡°ğŸ‡ªğŸ‡°ğŸ‡ªğŸ‡°ğŸ‡ªğŸª½,
We compete with time Kenyans ğŸ‡°ğŸ‡ªğŸ‡°ğŸ‡ªğŸ‡°ğŸ‡ªğŸ‡°ğŸ‡ªğŸ‡°ğŸ‡ªğŸ‡°ğŸ‡ªğŸ‡°ğŸ‡ªğŸ‡°ğŸ‡ªğŸ‡°ğŸ‡ªğŸ‡°ğŸ‡ªğŸ‡°ğŸ‡ªğŸ‡°ğŸ‡ªğŸ‡°ğŸ‡ªğŸ‡°ğŸ‡ªğŸ‡°ğŸ‡ªğŸ‡°ğŸ‡ªğŸ‡°ğŸ‡ªğŸ‡°ğŸ‡ªğŸ‡°ğŸ‡ªğŸ‡°ğŸ‡ªğŸ‡°ğŸ‡ªğŸ‡°ğŸ‡ªğŸ‡°ğŸ‡ªâ¤ï¸â¤ï¸â¤ï¸â¤ï¸â¤ï¸,
Algorithm finally did something right,
They even rounded the last athlete,
It's shows how weak and how lousy U.S.A. and Australian athletes...Kenyans are black diamonds pearl very good disciplines athletes..well done KENYANS.,
"Very shameful of world athletics committee to be controlled by Whites from announcers to the stage controllers highlighting the pace of the Australians over the winning champions who were demonstrably in a league of their own in obliteraterating the records in the event.  Faith Kipyegoni,Obiri and Chirono, despite challenge by the Ethiopian women in middle distance running, continue to dominate the Olympics, the World Championships, and the Diamond League over the same distance to date. Very little was showered on this epic journey for the Africans at this event, except for the likes of Steve Ovettts' of the world begrudgingly acknowledging the marvel of central African women's dominace. It's a shame!!",
Those Kenyan girls made that run look effortless. Absolute poetry in motion. Unbelievable. Congratulations from Canada.,
"Kenyans are custom made by God, keep chasing them you will never catch them",
"great , i can t believe",
When was this race held... ?,
Kenya to the World. Well done girls ğŸ‡°ğŸ‡ªğŸ‡°ğŸ‡ªğŸ‡°ğŸ‡ªğŸ˜†ğŸ‡°ğŸ‡ªğŸ‡°ğŸ‡ªğŸ‡°ğŸ‡ªğŸ‡°ğŸ‡ªğŸ‡°ğŸ‡ª,
My country is just wow..we love u Cheps,
Congratulations ğŸ‰,
Congratulations kenya. A good one indeed.,
It does not seem like a surprise when Kenyans are great runners congratulationsğŸ‰â¤,
Kipyegon faith my best all day every day but in this race Obiri was outstanding,
Obliterate the record thatâ€™s the Kenyan women mentality. Am proud to come from a Kenyan womanâ€™s womb proud of you ladies keep blazing those trails !â¤,
Beautiful. Really epic! â™¥â™¥,
Congrats to the legends Kenyan ladies,
"Kenyans, we are incredible!",
Can't get enough of this race,
I know Kenyan did better than the rest! I support our neighbours Kenya ğŸ‘ğŸ‘ğŸ‘ğŸ‡ºğŸ‡¬,
â¤â¤â¤  thank u Kenya .from kenya,
What happened ??? Wow â€¦this world is not mad right ..where are the Kenyan team not on podium??? Celebrating?????????,
They are beautiful â¤,
I just â¤ Kenyan ladies very energetic and strategic.Well done to trainers â¤ and God bless Africa. The true nature of God made species.,
wonderful stuff,
"That's what we are made of.
Congrats my cousins.",
"Woooow Kenya,",
"Woooow Kenya,",
ğŸ‡°ğŸ‡ªğŸ‡°ğŸ‡ªğŸ‡°ğŸ‡ª Kenyan,
The Americans were very handedly in second...how did they get third?,
"Shame on you  *90+ legends*. for your bias . Where are ğŸ‡°ğŸ‡ª Kenyan girls , dominantly winners ?
Do you know what's  FAIR PLAY  in Sports ?
ğŸ… Girls . Well done ğŸ‘",
I didn't watch this to the end the first time. Sometimes people don't know or they know but ignore  bias . Did you show the winners at the end or what did i see?,
We are proud of you African Kwenyean girls Zimbabwe is celebrating  this with youğŸ‰ğŸ‰ğŸ‰ğŸ‰ğŸ‰ğŸ‰,
Congratulations our own ğŸ‡°ğŸ‡ªğŸ‡°ğŸ‡ªğŸ‡°ğŸ‡ª,
Kenya the best of the best,
"Congratulations Kenyan girls, watching surprisingly all the way from Vanuatu ğŸ‡»ğŸ‡º great performance.",
We have the BODY STAR START TO FINISHING. ğŸ™ğŸ¿ ğŸ™ğŸ¿ SPIRITUAL..,
Congratulations Kenyans  ğŸŠ ğŸ‘ ğŸ’ ğŸ¥³ ğŸŠ ğŸ‘,
We aREADY KNOWS THE FIRST DEGREES ONLY..ğŸ’ªğŸ¿ğŸ™ğŸ¿ğŸŒŸğŸ’¯ğŸ­ğŸ‘¸ğŸ¾ğŸ‘¸ğŸ¾âœ¨ï¸ğŸ˜±,
Faith,
Kudos,
"HELLEN OBIRI,    MY GOD!!!!",
Really amazing race kenyans fastest running game no one meet this challenge.congrats,
Kenya racing against time not people â¤â¤,
Even the commentators knew Kenya was to win this,
Watu wa kasongo hoyeee.,
Par Excellence Akways. You go Kenyan women ğŸ‰ğŸ‰ğŸ‰,Always
That was exciting to watch and the Kenyan girls wow!....that was incredible!,
The American trainers told their runners to run like robots: staying upright with rigid formulaic arm movement instead of leaning into the stride and letting arms swing as should naturally happen.  They spend more energy springing upward than forward.,
Ğ¤Ğ°Ğ½Ñ‚Ğ°ÑÑ‚Ğ¸ĞºĞ°,
"Super congratulations but who made the video looks like they are haters why they didn't show them getting their praises and they props it just goes to show you these people mentality towards the Black race, Big up my peoples.",
She must be from TanzaniağŸ˜‚ğŸ˜‚,
Kenyans HoyeeeeeğŸ‰ğŸ‰ğŸ‰ğŸ‰we celebrate you,
Ohhh ğŸ˜¢ğŸ˜¢ğŸ˜¢am crying. Respect ğŸ™ ğŸ«¡ ğŸ¤² gals .Kenyans ğŸ˜¢ğŸ˜¢,
â¤â¤â¤â¤â¤,
Something remarkable and astonishing. Good luck with good health ğŸ‘ğŸ¤.,
Watching from Trinidad ruthing for the Kenyan'sâ¤ğŸ‰ğŸ‰,
Fill the gapp:Africans without Kenya ğŸ‡°ğŸ‡ªis...,
Am a happy soul seeing Kenyan flag ğŸ‡°ğŸ‡ª flying high â¤ congratulations ğŸˆ gals,
"Kenya is blessed in sprinting 
A like ğŸ‘",
They do have bodies that just won't quit,
Kenya has all  kinds of exceptional athletes. Congratulations girls.,
"Beautiful, Awesome.  Congratulations Kenya",
My countryğŸ‡°ğŸ‡ªğŸ‡°ğŸ‡ªğŸ‡°ğŸ‡ª â™¥ï¸â™¥ï¸â™¥ï¸ Daima mimi mkenyağŸ‡°ğŸ‡ªâœŒï¸,
Awesome,
Big up,
Good job!!!,
And the black winsâ¤â¤â¤â¤ proud to be a Kenyan!!,
black is the power,
"Vive l'Afrique !!!! 
L'Afrique  est le continent le plus riche et plus intelligent  !!!!!",
People should just give up on running against kenya on long stretches.ğŸ˜‚ğŸ˜‚ğŸ˜‚ğŸ˜‚ğŸ˜‚ğŸ˜‚plz kiv up... Wantam all the days... RUTO must go.,
Kenya against the clock not fellow athletes ğŸ˜‚ğŸ˜‚ğŸ˜‚ğŸ˜‚ğŸ˜‚ğŸ‡°ğŸ‡ªğŸ‡°ğŸ‡ªğŸ‡°ğŸ‡ªğŸ‡°ğŸ‡ª,
Congratulations â¤â¤,
Kenya ğŸ‡°ğŸ‡ªğŸ‡°ğŸ‡ªğŸ‡°ğŸ‡ªğŸ‡°ğŸ‡ªğŸ‡°ğŸ‡ªğŸ‡°ğŸ‡ªğŸ‡°ğŸ‡ªğŸ‡°ğŸ‡ªğŸ‡°ğŸ‡ªğŸ‡°ğŸ‡ªğŸ‡°ğŸ‡ªğŸ‡°ğŸ‡ªğŸ‡°ğŸ‡ªğŸ‡°ğŸ‡ªğŸ‡°ğŸ‡ªğŸ‡°ğŸ‡ªğŸ‡°ğŸ‡ªğŸ‡°ğŸ‡ªâ¤â¤â¤â¤â¤â¤â¤â¤â¤,
"If I'm reading correctly, the Kenyans went 13:40.40 for the 5000m, a full thirty seconds under the women's individual world record at the time (Tirunesh Dibaba at 14:11.15 in 2008), and about 18 seconds under the newly set WR (Beatrice Chebet at 13:58.06 on July 5, 2025).  The Americans, in second place, were under what the individual WR was at the time, but I don't believe they were under Chebet's time.  Amazing progression.",
The end of this video is very disappointing..... ğŸ˜¢ğŸ˜¢ğŸ˜¢ğŸ˜¢,
What do they eat in Kenya for them to run fast like this,
ğŸ‰ğŸ‰ğŸ‰ KenyağŸ‡°ğŸ‡ªâ™¥ï¸â™¥ï¸â™¥ï¸,
Congratulations team Kenya. Africa is proud of you,
ğŸ‰ğŸ˜‚ğŸ˜Š,
"What a run, new world record for Kenya. Well done USA for second. And for third Australia, my home country. All Kenya tho', the rest have a lot of catching up to do. Kenya had four classy runners here in a league of their own",
Wowwww,
God gave us everything â¤â¤â¤â¤ bravo Kenya ğŸ™ğŸ¾,
"IS THERE A NY "" GREAT WHITE HOPES.. LEFT??.. . NOOOOO!! NOT RUNNING AGAINST TRUE BRONZE BEAUTY!! THE POWER IS IN THE  BEAUTIFUL SKIN!! ğŸ˜…ğŸ˜…
SIMPLY PUT!!ğŸ˜‚ğŸ˜‚ğŸ˜‚ğŸ˜‚ğŸ¤ğŸ¤ğŸ¤ğŸ¤ğŸ¤ğŸ¤ğŸ¤ğŸ¤ğŸ¤ğŸ–¤ğŸ–¤ğŸ–¤ğŸ¤ğŸ¤ğŸ¤ğŸ¤ğŸ˜ğŸ˜ğŸ˜ğŸ˜ğŸ˜ğŸ˜ğŸ˜ğŸ¤ğŸ¤ğŸ¤ğŸ‘‘ğŸ‘‘ğŸ‘‘ğŸ‘‘ğŸ‘‘ğŸ‘‘ğŸ‘‘ğŸ‘‘ğŸ‘‘ğŸ–¤ğŸ–¤ğŸ–¤ğŸ–¤ğŸ‘‘ğŸ‘‘ğŸ‘‘ğŸ‘‘ğŸ‘‘ğŸ‘‘ğŸ‘‘TRUE AFRICAN QUEENSğŸ‘‘ğŸ‘‘ğŸ‘‘ğŸ‘‘ğŸ–¤ğŸ–¤ğŸ¤ğŸ¤ğŸ¤ğŸ‘‘ğŸ‘‘ğŸ‘‘ğŸ‘‘",
Keyans much love from Ghana ğŸ‡¬ğŸ‡­ â¤â¤,
Congratulations Kenyans.... We love you girls,
Alafu msichana wa watu akishakimbia hivi boyfriend muhuni anamuua..... Stupid,
Wow they were just way too good for the rest,
Kenya my pride....ğŸ‡°ğŸ‡ªğŸ‡°ğŸ‡ªğŸ‡°ğŸ‡ªğŸ‡°ğŸ‡ªğŸ‡°ğŸ‡ªğŸ‡°ğŸ‡ª Congratulations our girls,
"Am a proud to be a Kenyan,wakisii wote gonga hii like tukizongağŸ‰ğŸ‰ğŸ‰Obiri is my favorite gal from kisii land.",
"Not the fastest race ever.  A true measure is drawn from an open race with no fantasy  B-team sub-category fiddles.  Men will always be the fastest runners of any open race, women will not.",
"But they end with Australians....
typical. ğŸ˜‚",
Martinez ponytail shows you are rhythm love her strideâ¤â¤â¤â¤ğŸ˜Š,
S4 run baby like the world is behind u coming for you! Beautiful formâ¤â¤â¤â¤ğŸ‰,
All the racist remarks ever said about Kenyans never stopped them from...um winning and participating.â¤â¤â¤â¤ they are focused on economics...ğŸ˜‚â¤ğŸ‰,
Congrats,
S3....babeeeeâ¤â¤â¤ğŸ˜‚ğŸ‰ğŸ‰,
S2 beautiful runâ¤â¤â¤,
Sister one had them double stepping to keep upğŸ˜‚ğŸ˜‚ğŸ˜‚ğŸ˜…â¤â¤â¤ğŸ‰ğŸ‰ğŸ‰,
Girl in front tired...sister's stride is goldenâ¤â¤â¤â¤ğŸ‰ğŸ‰ğŸ‰ğŸ˜‚ğŸ˜‚ğŸ˜‚,
This why they dont like us in stuff we dominate!,
Am proud to be a kenyan,
"Go Kenyans, you Dominated that race. Awesome strides and paceâ¤",From USA Philadelphia
ğŸ˜‚ğŸ˜‚ğŸ˜‚ğŸ˜‚Kenyan ğŸ‡°ğŸ‡ª congratulations in sports you are doing OK but  in politics you are gradually going back wordâ¤â¤,
".. keep talking about pedigree??
..i thought for a second.... Westminster..
.. where's best of show..?!ğŸ˜®ğŸ˜¢ğŸ˜‚ğŸ˜Š",
ğŸ‘ğŸ»ğŸ‘ğŸ»ğŸ‘ğŸ»ğŸ‘ğŸ»ğŸ‘ğŸ»ğŸ‡°ğŸ‡ªğŸ’ªğŸ’ªğŸ’ª,
"I can't help but notice childish racists and nationalists are showing up in full force, celebrating their particular race and nationality  instead of individual achievement.  Here's a hint.  If a person from a particular country and of a particular race wins a track meet, honor should go to the athlete who put in the work, not the race or nation from which she or he originates.   Grow up y'all.",
"VivağŸ‘ğŸ‘ğŸ¥³ğŸ¥³ğŸ¥³ğŸ¥³ to the Kenyan gals congratulations.we see how you smash the long distance races,  and we celebrate you ğŸ“¢",
Go go african queens. We love u all,
Bravo Kenya â¤ğŸ‰,
ğŸ˜‚ğŸ˜‚ğŸ˜‚â¤â¤â¤â¤ğŸ‰ğŸ‰ğŸ‰,
USA / CUANDO GANA  GANA CON SANGRE DE AFRICA!,
ESTADOS UNIDOS  ES UN PAIS MUY DEL TERCER MUNDO/ KENYA PAIS  SUPERIOR A USA!,
The Kenyans won the race. But this video showed the second place runners collecting their medals. It's almost like the Australians won the race. Smh,
Amazing Team work from Kenya. Eeh eeh!,
"Kenya ğŸ‡°ğŸ‡ªğŸ¥³
Where Ethiopians ğŸ¤·ğŸ½â€â™‚ï¸",
Where is the exciting part the opponents of kenya werec like jogging in the parkğŸ˜‚,
"This is unfair, Kenyans is too much superior and should stop competing in long distances for few years so that  Europeans collect some trophies in that categories too.",
https://youtu.be/Cp1FvxqLDb4?feature=shared  Deaths After Vaccination: Coincidence or Cause? // The Truth About COVID-19 Vaccines,
Kenya ğŸ‡°ğŸ‡ª to the world â¤,
"Our Athletes never disappoint,our politicians do",
Celebrating the silver when it's only 4 teams ğŸ˜‚ğŸ˜‚,
Why not show the Africans being crowned? Jealous much?,
Black power,
She overlap her teammateğŸ˜¢?,
Make competitive than this ?,
"Wow incredible race.Mkenya Daima,An athletic power on its own league.",
"Great to hear it, they had to work so hard to get the record.",
"If there is a Black involved, the Black person or team will win!",
Put on some clothes! EAT SOMETHING!!,
"Another clickbait misleading headline. This isn't the fastest relay ever (as of this video posting), it was the fastest at the time it was run eleven years ago. Also, the 90+ Legends announcer at 18:37 incorrectly identified the race as a 4 X 1600 meters. It's actually 4 X 1500 meters.",
Kenyaâ¤,
â¤â¤â¤ğŸ‰ğŸ‰ğŸ‰ğŸ‰ğŸ‰,
Why did she say the USA won bronze when they came in second place,
"Wait, I thought the USA was in second place",
Power of black woman ğŸ‰â¤â¤â¤congratulations ğŸŠ,
"Well done Kenya, from your jirani Tanzania. You did the Continent proud/",
They r legends great job ladies,
"well done Africans ,we are One ,",
"No likes for not showing the 2nd, 3rd timings! How did US missed the silver? How Australia got silver? Shit!",
Where did US gone? Are they not the 2nd? This is shit! I don't understand!,
"The one who took this video or posted is racist. 
Period!
Kenya ğŸ‡°ğŸ‡ª won , why not show till the end as they take position to number one?",
"Kenya, where leaders are made. I am a proud Kenyan.ğŸ‡°ğŸ‡ªğŸ‡°ğŸ‡ªğŸ‡°ğŸ‡ªğŸ‡°ğŸ‡ªğŸ‡°ğŸ‡ªğŸ‡°ğŸ‡ªğŸ‡°ğŸ‡ªğŸ‡°ğŸ‡ªğŸ‡°ğŸ‡ªğŸ‡°ğŸ‡ªğŸ‡°ğŸ‡ªğŸ‡°ğŸ‡ªğŸ‡°ğŸ‡ª",
"Love from NigeriağŸ‡³ğŸ‡¬ğŸ‡³ğŸ‡¬ğŸ‡³ğŸ‡¬, they really made us proudğŸ‰ we the entire African's are indeed proud of this Kenyan's ladies â¤â¤â¤",
So beautiful and very refreshing seeing Kenyan's do us all proud,
You're abless to the country,
Congratulations KENYAN GIRLS,
Congratulations Australia!  Keep breaking records. So proud of you all.,
Kenya ğŸ‡°ğŸ‡ª ğŸ˜,
Congratulations Kenya,
Kenyans making us proud... hyping us to the world....â¤,
Proud of you Kenya!â¤,
Kenya would be well but Ruto has done worse than good we love you you our kenyans,
â¤â¤â¤â¤â¤â¤â¤,
Congratulations Kenya  lady's for breaking new recordğŸ‰ğŸ‰ğŸ‰ğŸ‰ğŸ‰,
"Kenyans has everything!
Our leaders????",
"ACHO MUITO LEGAL O ATLETISMO, PARABÃ‰NS AFRICANAS E QUENIANAS SEMPRE  DANDO SHOW...",
four Kenyan Queens. the announcer did as well as the women. well done,
"Kenya my country I'm proud to be a Kenyan, don't pass by not giving a like to Africa's queen",
"KENYA,ğŸ‡°ğŸ‡ªğŸ‡°ğŸ‡ªğŸ‡°ğŸ‡ªğŸ‡°ğŸ‡ªğŸ‡°ğŸ‡ªğŸ‡°ğŸ‡ªğŸ‡°ğŸ‡ªğŸ‡°ğŸ‡ªğŸ‡°ğŸ‡ªğŸ‡°ğŸ‡ªğŸ‡°ğŸ‡ªğŸ‡°ğŸ‡ªğŸ‡°ğŸ‡ªğŸ‡°ğŸ‡ªğŸ‡°ğŸ‡ªğŸ‡°ğŸ‡ªğŸ‡°ğŸ‡ªğŸ‡°ğŸ‡ªğŸ‡°ğŸ‡ªğŸ‡°ğŸ‡ªğŸ‡°ğŸ‡ªğŸ‡°ğŸ‡ªğŸ‡°ğŸ‡ªğŸ‡°ğŸ‡ªğŸ‡°ğŸ‡ªğŸ‡°ğŸ‡ªğŸ‡°ğŸ‡ªğŸ‡°ğŸ‡ªğŸ‡°ğŸ‡ªğŸ‡°ğŸ‡ªğŸ‡°ğŸ‡ªğŸ‡°ğŸ‡ªğŸ‡°ğŸ‡ªğŸ‡°ğŸ‡ªğŸ‡°ğŸ‡ªğŸ‡°ğŸ‡ªğŸ‡°ğŸ‡ªğŸ‡°ğŸ‡ªğŸ‡°ğŸ‡ªğŸ‡°ğŸ‡ªğŸ‡°ğŸ‡ªğŸ‡°ğŸ‡ªğŸ‡°ğŸ‡ªğŸ‡°ğŸ‡ªğŸ‡°ğŸ‡ªğŸ‡°ğŸ‡ªğŸ‡°ğŸ‡ªğŸ‡°ğŸ‡ªğŸ‡°ğŸ‡ªğŸ‡°ğŸ‡ªğŸ‡°ğŸ‡ªğŸ‡°ğŸ‡ªğŸ‡°ğŸ‡ªğŸ‡°ğŸ‡ªğŸ‡°ğŸ‡ªğŸ‡°ğŸ‡ªğŸ‡°ğŸ‡ªğŸ‡°ğŸ‡ªğŸ‡°ğŸ‡ªğŸ‡°ğŸ‡ªğŸ‡°ğŸ‡ªğŸ‡°ğŸ‡ªğŸ‡°ğŸ‡ªğŸ‡°ğŸ‡ªğŸ‡°ğŸ‡ªğŸ‡°ğŸ‡ªğŸ‡°ğŸ‡ªğŸ‡°ğŸ‡ªğŸ‡°ğŸ‡ªğŸ‡°ğŸ‡ªğŸ‡°ğŸ‡ªğŸ‡°ğŸ‡ªğŸ‡°ğŸ‡ªğŸ‡°ğŸ‡ªğŸ‡°ğŸ‡ªğŸ‡°ğŸ‡ªğŸ‡°ğŸ‡ªğŸ‡°ğŸ‡ªğŸ‡°ğŸ‡ªğŸ‡°ğŸ‡ªğŸ‡°ğŸ‡ªğŸ‡°ğŸ‡ªğŸ‡°ğŸ‡ªğŸ‡°ğŸ‡ªğŸ‡°ğŸ‡ªis our business and African blood runs on us,,â¤â¤â¤â¤",
"We call it ""AFRICAN EXCELLENCE""",
Get rid of the annoying thumping noise! ğŸ˜¡,
The Kenyans are super powers .,
Wow congratulations to my KenyansğŸ‰â¤ you really did a great job ğŸ‘ğŸ‘â™¥ï¸â™¥ï¸â™¥ï¸â™¥ï¸â™¥ï¸you represent Africa very well ğŸ˜‚,
Congrats Kenya ğŸ‡°ğŸ‡ª,
"Maybe not so intelligent  but when it's come to stamina ,power and resilience black people are far more superior in races for instance .Therefore respects for the whole Africa and American black etc",
Kenya to the world ğŸŒ much love from this side,
Why can't you show Kenyans celebration ğŸ˜¢ğŸ˜¢,
Proud of our girls congratulations,
Kenya will always do Africa proud.,
Love frm ugandaâ¤â¤â¤â¤,
Obiri hs always been a beast on track.,
"Wow, amazing perf!",
Shame on them,
"GOD bless Kenya,, God bless you â¤",
Viva Africa,
"Hahahaa! Dat izy d Kenyans put down d Whites like chewing nuts. BRAVO u  all Kenyans, BRAVO!!! ğŸ‘ğŸ‘ğŸ‘ğŸ‘",
Proud ğŸ‘ of you ladies one Africa ğŸŒ from South Africa ğŸ‡¿ğŸ‡¦ you go Kenyan ladies â¤,
We can than faster than our other economy that why we are alive ğŸ˜…ğŸ˜…ğŸ˜… anyway we are proud to make Africa proud ğŸ‡°ğŸ‡ª ğŸ‡°ğŸ‡ª,
"Faith Kipyegon was very small 11yrs ago, now she's a mother and she has won it all.",
black is powerfull,
"Who else is feeling those goosebumps ğŸ‰ğŸ‰, congratulations ğŸ‰Kenya",
"Am from Japan, I salute you Kenyans women ğŸ‰ğŸ‰you don't struggle but run comfortably",
This race was in 2014 ! Great race KENYA ğŸ‡°ğŸ‡ªğŸ‰ğŸ‰ğŸ‰ğŸ‰,
Am proud to be Kenyan,
The kenyas are sprinting ğŸ˜®,
â¤â¤â¤â¤â¤ ğŸ‡°ğŸ‡ª ğŸ‡°ğŸ‡ªğŸ‡°ğŸ‡ªğŸ‡°ğŸ‡ªğŸ‡°ğŸ‡ªğŸ‡°ğŸ‡ª,
Congratulations the Kenyan team we are proud of you.,
"Love u kenyaâ¤.. keep it up our Kenyan ladiesâ¤,God bless you.. Esther from Kenya",
am from uganda just watched this and am thrilled sooo happy for my sisters EA oyee,
"Words are not enough.... Whenever Kenya awes the world I go to our neighbors, Tanzanians and ask them. Do you even in your wildest dreams think one day you can achieve such glory?",
The only thing that keeps Kenyans together genuinely. Thank ulyou lord for the talent,
"Even if you do not show the true legends, they remain so!ğŸ‡°ğŸ‡ªğŸ‡°ğŸ‡ªğŸ‡°ğŸ‡ªğŸ‡°ğŸ‡ªCongraculations. We remain Kenyan all the time.",
Faith kipyegon plus Hellen obiri what do you expectğŸ‰,
Congratulations girlsğŸ‡°ğŸ‡ªğŸ‡°ğŸ‡ª,
"Kenya, well done!",
KENYA WINS...and no one cares.,
"BTW, delete your sht ch",
"Fearless, WTF. Fearless is when you go to war and put your life on the line, You hear people calling men fearless in races. NO. This BS with the women, who are unwatchable in most sports, is laughable.",
Africa to the world â¤â¤â¤â¤,
"Yes Kenya, show them how it's done!",
"As augandan, i cerebrate a kenyan lady",
It's still way more pleasant to see Australians. Real beauties.,
And the Kenyan is the smallest. Well done Kenyaâ¤,
"Great efforts Ladies! ğŸ˜Š
   *Way to go Kenya!*
    ğŸƒğŸ‰ğŸ‡°ğŸ‡ªğŸƒğŸ¾â€â™€ğŸ‡°ğŸ‡ªğŸ‰ğŸƒ",
Well done Kenyaâ¤,
Proudly African â¤thank you Kenya for making us proud ğŸ‰,
God is backing Kenya up ğŸ™ğŸ™ğŸ‡³ğŸ‡¦ there's backing up,
ğŸ˜‚ğŸ˜‚its high time to just bann Kenyans we are tired of winning,
Whenever we Kenyans commit we must Conquer,
Divine Grace â¤â¤â¤ğŸ‡³ğŸ‡¦,
"Thank you, Kenya...",
Am watching from dubai  someone like my comment,
Awesome our to our great champions ğŸ‘ğŸ‘ğŸ‘,
"Where are Kenyans???? Didnâ€™t you see the way they worked hard? Or the colour matters?ğŸ˜¢ğŸ˜¢ğŸ˜¢ğŸ˜¢ğŸ˜¢ğŸ˜¢ğŸ˜¢ğŸ˜¢ğŸ˜¢ğŸ˜¢ğŸ˜¢Well, broadcasters are many with different ways of laying the informationâ€¦ CONGRATULATIONS ğŸŠğŸˆğŸ‰ğŸ¾ TO KENYANSâ¤â¤â¤â¤â¤",
â¤â¤â¤wow najivunia kuwa mkenya,
Welldone our Kenyan girls congratulations!!ğŸ‰â¤,
"At this rate, the Kenyans should only compete with Ethiopians, black americans and jamaicans! The rest should find their own junior league!!!ğŸ˜‚",
"As a Kenyan i always get tears of joy when I see our athletics flying our flag higher.  #Salut to our athletics ,n #proud kenyan",
Extremeeeeee ğŸ‰â¤â¤â¤,
Unfair reports regarding the Kenyan won world record.,
The ending of this video is just pathetic.,
This was the birth of athletics champions and world record breakers,
KenyaaağŸ‰ğŸ‰ğŸ‰ğŸ‰ğŸ‰ğŸ‰,
Hako kakutaptap mapaja nachukulia watoi kurukaruka i thought ndiko kataenda nayo Kenya ğŸ‡°ğŸ‡ª,
I feel proud when am watching you ladies from Kenya ğŸ‰ğŸ‰ğŸ‰ğŸ‰,
"Wow, excellent fellew Kenyans.. Go Kenya,go, go ,go .",
"Welcome to Kenya, the land of great feet and determination! I am proud of those Kenyan sisters out there to show the world that Kenyans are great runners!",
Never seen someone being lapped in this race.,
ç´ æ™´ã‚‰ã—ã„ãƒ¬ãƒ¼ã‚¹ã‚’è¦‹ã›ã¦ãã‚ŒãŸã‚±ãƒ‹ã‚¢ã®é¸æ‰‹ãŸã¡ï¼å„ªå‹ã‚’ç§°ãˆã‚‹è¡¨å½°å°ã®æ˜ åƒãŒç„¡ã„ã®ã¯ä¸è‡ªç„¶ã§ã™ã€‚ã‚±ãƒ‹ã‚¢ã®é¸æ‰‹ãŠã‚ã§ã¨ã†ğŸŒ¹,
"If Kenyans were not in the race, Americans would have cheated everyone into thinking they are the fastest humans on earth.",
"ğŸ‡°ğŸ‡ªfrom Thailand, with love.",
Home is best,
ğŸ‡²ğŸ‡² The charge of the house brigade ğŸ‡²ğŸ‡² Myanmar -á€–á€¼á€…á€ºá€•á€«á€á€šá€º-á€šá€á€¯á€¡á€•á€¼á€±á€¸á€™á€šá€ºá€€(you)á€™á€Ÿá€¯á€á€ºá€•á€«(á€¡á€á€¯á€™-á€œá€°á€œá€­á€™á€ºá€™)á€–á€¼á€…á€ºá€•á€«á€á€šá€º-á€á€á€¹á€á€­á€›á€¾á€­á€›á€„á€ºá€•á€Šá€¬á€á€¼á€„á€ºá€¸á€•á€¼á€­á€¯á€„á€ºá€•á€«á€™á€šá€º,
ğŸ‡°ğŸ‡ªğŸ‡°ğŸ‡ªğŸ‡°ğŸ‡ªğŸ‡°ğŸ‡ªğŸ‡°ğŸ‡ªğŸ‡°ğŸ‡ªğŸ‡°ğŸ‡ªğŸ‡°ğŸ‡ªğŸ‡°ğŸ‡ªğŸ‡°ğŸ‡ª,
Eish Obiri this is extraordinary our gir lâ¤,
You have done the country proudâ¤â¤â¤,
"Absolute amazement!

Tenacity, energy, tactfullness....
Raw talent well curated and served fresh.
From ğŸ‡°ğŸ‡ª with immense love to the world ğŸŒ",
Kenya My Country ğŸ¥°,
Congratulations to the Kenyansâ¤,
Congrats to my country girls.,
Congs our sis Alex from Uganda,
Kenyans closest competitor is the world record.,
Way to go Kenyans!!!!ğŸ‡°ğŸ‡ªğŸ‡°ğŸ‡ªğŸ‡°ğŸ‡ª,
Proud Kenyan ğŸ¥¹,
Hapo swafie... Kenyan like my commentâ¤,
those romanians are really tall but they have weirdly short legs..,
"w Omen's world record is NOT the world record, is it? FYF",
Iâ€™m faster,
I love how the Kenyans dominate in Track and Field events. ğŸ’¯ Absolutely stunning performance!!! Go Kenya gooooooâ¤â¤â¤â¤,
What an amazing site to see the beautiful Kenyan women on the track! well done!,
Congrats Kenyans all the way from the Bahamas,
Ohhhhh i loveâ¤â¤â¤â¤â¤ my country!!!!!,
I'm American but I was rooting for Kenya. ğŸ¤—ğŸ¤—ğŸ¤—,
Amazing.,
Kenya all the way ğŸ‘,
I think the race got real exciting 14:25 after watching a little bit. Number two does look smooth.,
"Not sure why anyone thought! If Kenyans are running, anyone else has a chance to win!",
Fast women slow men,
Overlapping a fellow human in a relay on a global stage is most underrated thing I've ever seen.,
"For God's sake, why did you show the second placed Americans instead of the WORLD RECORD BREAKING KENYAN WOMEN at the end of the race?! Racist coverage?",
If you're in any race against Faith kipyegon forget number 1 â¤ğŸ‰,
Smoked lol ğŸ˜Š,
"THE WAY WOMEN'S V@G!A=S ARE FIRCIBLY EXPOSED IN BALLET, GYMNASTICS, VOLLEYBALL AND TRACK SPORTS IS BEYOND REVOLTING.",
Peperusha bendera nanii kenya ğŸ‡°ğŸ‡ª to the world penda sana nchi yngu   ata kama tunachanga moto bdo n nchi yanguâ¤â¤â¤,
How did Kenyans convince the  others to participate in this race ğŸ˜®,
Congratulations  Kenyan,
Congratulations  Kenya,
Faith is a beast!,
Proud of ma mother land Kenya ğŸ‡°ğŸ‡ª,
Keniaâ¤â¤â¤â¤,
ğŸ‡°ğŸ‡ªğŸ‡°ğŸ‡ªğŸ‡°ğŸ‡ªğŸ’•ğŸ’•,
Congratulation Kenya's â¤â¤,
"Linda mi gente negra, mujeres hermosas, son mÃ¡s fuertes q' esas ""blanquitas"". Toda Ãfrica es un encanto!",
Black power.concuqer the world,
I can't stop watching this,
Why Faith looks young ğŸ˜®ğŸ˜® maybe it's recorded,
Proud of AfricağŸ™ŒğŸ¾,
God bless Kenya my mother land. Congratulations,
"Africa has it all ! From natural mineral , flora & fauna. To our human  strength , mentally & physically. Praise be to God!",
"Why didn't you show all 4 of the 1ST. PLACE FAST KENYAN WOMEN RUNNERS????? That country should have had their picture planted all over YouTube for running such a ""super-fast"" record-breaking race! CONGRATS..TO THE KENYAN RUNNERS for breaking fastest relay running! â¤â¤â¤â¤â¤â¤â¤â¤â¤ğŸ‰â¤ğŸ‰â¤ğŸ‰â¤",ğŸ‰â¤
Original Godesses,
Flying eagle,
"Whatsoever Africa as a whole, #Ibrahim Traoe, miss Kadaffi, if you now you now.",
thanks Kenya Queens ğŸ‰ğŸ‰ğŸ‰ğŸ‰ğŸ‰,
".......................""SELECTIVE"".... ""WOMAN"" = ""E N E R G E T I C"" &  Ower ""HABITABLE"" ""ZONE"" = ""SELECTIVE"" JAW ............................JOGIN  ""WOMAN'""!!",
Well done Kenyans sisters,
Faith kipyegon is the beast ğŸ’ª ğŸ‰,
Congratulations ğŸ‰ Kenyans,
"unfair ... didn't show the winners,... racist?",
Outstanding Performance to the Kenyans ladies and the other great women running this great race!! â¤â¤â¤â¤ğŸ‘ğŸ¿ğŸ‘ğŸ¿ğŸ‘ğŸ¿ğŸ‘ğŸ¿ğŸ‘ğŸ¿ğŸ”¥ğŸ”¥ğŸ”¥ğŸ”¥,
When was ths please. Ths kenyan uniform was last used some yrs ago.,
Congratulations our heroesâ¤â¤â¤â¤â¤ ğŸ‡°ğŸ‡ªğŸ‡°ğŸ‡ªğŸ‡°ğŸ‡ªğŸ‡°ğŸ‡ªğŸ‡°ğŸ‡ªğŸ‡°ğŸ‡ªğŸ‡°ğŸ‡ªğŸ‡°ğŸ‡ª,
Beautiful work. ğŸ˜ŠLove from a Kenyan â¤,
Proud Kenyan I am.,
â¤,
"Huyo mshenzi  ati if other countries were there,it would be more.....kenyans dont race against others..we race against the clock!!",
My neighboring country wow,
Kenya.. Beautiful..Africa.. Splendid!! Well done ladies,
Congratulation my Kenya'sğŸ’“ğŸ’ªğŸ™,
One was Trona while the other just the Kenyan. Why .. they didn't have names ...?,
Waw it's kenya against the globeâ¤â¤,
Congratulations ğŸ‰ our african ladies,
Africa is much Talented,
"Kenyans girls very strong, we'll practices l am from Tamil Nadu Thirupur",
Kenyans girls full of strength they in first place fendastic.,
Well done  girls super fast l from Tamilnadu,
Thanks u Kenya  miking Africa proud  am from somalia â¤â¤â¤,
Congrats daughters of kenya,
Ruto William is our only remaining problem.,
Unakubuka ikonmy nya gasogo ğŸ˜ğŸ™Œ,
"Hongera wa kwetu,",
ğŸ‰ Kenya the country the City ğŸ™ï¸ under the sun below Ethiopia we are the chosen one it is written ğŸ˜‚,
"Where is Americana..  bamanyi kuwakura ntaro, human talents zagaana",
That lady was over lapped but she was not in second place instead third,
"we all know the African body is superior in sprinting,  but to achieve this the whole team had to train aerobically.  so,  i echo the sentiments from below.  I am a white USA citizen.",
"That Kenyan long distance ranning combination is like cheat code should be illegal the ladies make it look so easy and it's not , congrats .",
No one even close!!!!  Exceptional performance!!!!!!,
They are all amazing.congratulations,
This race is crazyğŸ˜‚,
Why didnt you talked about Paulino? She is a master class!,
"Of the four runners, the American finished fifth!ğŸ˜‚ğŸ˜‚",
Are these runners wearing tops only to identify themselves as females!?ğŸ˜…ğŸ˜®,
Our heroes Congratulations proud of you all the way.,
US finished 3rd... they had commanding lead over Australia with 2 laps to go...  You should have shown the whole race.  Disappointing you did not.,
Pure excellence from African Queens! So proud ğŸ‰â¤ From Ghana ğŸ‡¬ğŸ‡­,
Congratulations  Kenyans,
Wow my country kenya ğŸ‡°ğŸ‡ª wow â¤â¤â¤â¤,
Congratulations Kenyan girls. Lots of love from Zimbabwe,
Incredible!!,
Congratulations team Kenya.ğŸ˜Š,
Great work Kenya ğŸ‰ğŸ‰,
I am proud of our Kenyans team. Well-done guys.  ğŸ’Œ,
Ruto must Go!.,
Kenya never disappoint,
Well done kunya my fellow african,
Congratulations Kenya,
"This is VERY weak performance by today's standards.  With Kipyegon running, Kenya could go sub 16 minutes if they cared enough (which they don't)  to put a team together to attempt this relay.",
"Amazing, watu wa nguvu, always doing Kenya proud.",Congrats from Canada!! Truely impressive run!!
Congratulations â¤â¤,
"If Africans had visionary leaders, they could also have been  pioneers in science and technology. Alas! They are often led by the most corrupted and braindead men.",
Why not show the Kenyans on the podium,
It's just beautiful how Africans are so proud of this amazing performance,
ğŸ‰ğŸ‰proud of the Kenyan teamğŸ‰,
I love faith so much â¤ï¸ kip keep the fire burning gal,
This is tyr ressurrection of John Akibua of Uganda through Kenyan female atheletes. Big up,
Hellen obiriğŸ‰ğŸ‰ğŸ‰ğŸ‰ğŸ‰ğŸ‘ğŸ‘ğŸ‘,
Kenya my country ğŸ‡°ğŸ‡ªğŸ‡°ğŸ‡ªğŸ‡°ğŸ‡ªğŸ‡°ğŸ‡ªâ¤ï¸,
Why didn't you show the true legends!  The ğŸ‡°ğŸ‡ª Kenyans should've been celebrated at the end of this video.  Congratulations Kenyans ğŸ‡°ğŸ‡ª ğŸ‰ğŸ‰ğŸ‰ğŸ˜Š,Exactly the Kenyans wins but we get shown the last team being crowned ğŸš®
Why didn't you show the true legends!  The ğŸ‡°ğŸ‡ª Kenyans should've been celebrated at the end of this video.  Congratulations Kenyans ğŸ‡°ğŸ‡ª ğŸ‰ğŸ‰ğŸ‰ğŸ˜Š,Mervalous  performance
Why didn't you show the true legends!  The ğŸ‡°ğŸ‡ª Kenyans should've been celebrated at the end of this video.  Congratulations Kenyans ğŸ‡°ğŸ‡ª ğŸ‰ğŸ‰ğŸ‰ğŸ˜Š,"They try but they can't keep the  Kenyans down. It's the story of the African child ğŸ™ŒğŸ½
From South Africa â¤"
Why didn't you show the true legends!  The ğŸ‡°ğŸ‡ª Kenyans should've been celebrated at the end of this video.  Congratulations Kenyans ğŸ‡°ğŸ‡ª ğŸ‰ğŸ‰ğŸ‰ğŸ˜Š,Iâ€™m faster
Why didn't you show the true legends!  The ğŸ‡°ğŸ‡ª Kenyans should've been celebrated at the end of this video.  Congratulations Kenyans ğŸ‡°ğŸ‡ª ğŸ‰ğŸ‰ğŸ‰ğŸ˜Š,This is a white media. Racial hate is real.
I wish you would indicate the year the race was run(2014),
Wakenya wanajua kutoroka jameniğŸ˜‚,
Proudly African! Kudos! We are so so proud of you...,
Oh my word that was amazing !,
"Melanin all the way, don't play with the African babe",
"It depends on 
the surface.
My school had a gravel running track.
I prefer running on grass.
As it does not hurt your feet.
Also you get all the dust blown in your face.
Not good if your running with your mouth open.
I used to run at school through the woods for 20 minutes
And  aslo Saturday used to run from my mother house.
up to the park and down the road.And sprint finish.
As well as competing with other schools after school.
I still run to the bus stop in the morning and from the other bus stop to work.
Also have running shoes.
You go faster.",Zola Budd used to run without shoes.
2014? This old bruh,
CONGRATULATIONS KENYAâ¤ï¸â¤ï¸â¤ï¸â¤ï¸â¤ï¸â¤ï¸â¤ï¸â¤ï¸â¤ï¸â¤ï¸â¤ï¸â¤ï¸â¤ï¸â¤ï¸â¤ï¸â¤ï¸â¤ï¸â¤ï¸â¤ï¸â¤ï¸â¤ï¸â¤ï¸â¤ï¸â¤ï¸â¤ï¸â¤ï¸â¤ï¸â¤ï¸â¤ï¸â¤ï¸â¤ï¸â¤ï¸â¤ï¸â¤ï¸â¤ï¸â¤ï¸,
Well done Kenyan girls and awesome job my fellow Aussiesâ¤,
"Talent, beauty and strength.  Iâ€™m envious of her beautiful coffee complexion â¤ï¸â¤ï¸â¤ï¸â¤ï¸â¤ï¸",
"Kenyan, â¤ï¸â¤ï¸â¤ï¸â¤ï¸ğŸ’¯ğŸ‡®ğŸ‡³ğŸ‘ğŸ™",
Congratulations Kenya all the way. From Zimbabwe,
Congratulations Team Kenya on your epic win. You've really made us proud and we thank God for making you successful.,
11 years later faith Kipyegon is still Queen of the track.,"Discipline, dedication and determination!"
Whaaaat!!!! The distance ğŸ™†ğŸ™†ğŸ™†is scaring go go Kenyan queensğŸ‘ğŸ‘ğŸ‘,
Thank you daughters of Ruto,
That's great,
Why were the Kenyans not up on the Podium may I ask?,
"Proud of you the Kenyan team ,, may God keep  you....",
"Beauty,passion and brains.
Exclusively made in KenyağŸ‡°ğŸ‡ª",
Many thumbs up to Kenyan sister.Best wishes to you .Watching frm ğŸ‡³ğŸ‡¦,
Congratulations my fellow Kenyan ğŸ˜‚ğŸ˜‚walai tinajivunia uwepo wenu viva viva,
Kenyans wow congratulations. Uganda.,
Ruto must go,
Am from Uganda ohh thanks Kenya guys am proud to be African,
QuÃªnia Ã© simplesmente imbatÃ­vel!,
Magnifique superbe â¤â¤â¤â¤,
Congratulations to Kenya. You have made Africa proud,
"Congratulations my people ğŸ‘ğŸ‘. Kenyans we don't run, we disappear ğŸ™ŒğŸ™ŒğŸ™ŒğŸ˜€",
You can't outrun the Africans,
Well done Queensâ¤â¤â¤â¤,
Oh my goodness!!! Congratulations Kenyans!!!,
Australian girl keeping pace with kipyegon ğŸ˜… like don't punish your body girlğŸ‰ğŸ‰ anyway congratulations Kenya,
Beautiful and heroic!,
So amazing â¤â¤ Kenya ğŸ‡°ğŸ‡ª my country,
"Thanks for making Africa great, proud of thee",
Glad I came to the comments. Now I don't have to waste my time watching for the results.,
"Congratulations to the winnersâ€”well-deserved! And to the runners-up, fantastic effortâ€”your hard work truly showed. Wishing everyone continued success.ğŸ’ğŸ’ğŸ’",
21 GUN S A L U TE!!! BRAVADO.,
And my DNA is Kenya no matter what is happening with kasongo. Kenya is homeğŸ‡°ğŸ‡ªğŸ‡°ğŸ‡ª,Obama as well!
As Kenyan we never disappoint ğŸ˜…!Bravo my girls from Kenya!,Much love from Kenya
Congratulations to my fellow Kenyan ğŸ‡°ğŸ‡ª ğŸ‡°ğŸ‡ª,
"Amazing stuff from Kenyans, my blood. Hurrah!",
The way you explained this is SO clear. Thank you,
Well done my dears frm bungoma ğŸ‡°ğŸ‡ªğŸ‡°ğŸ‡ªğŸ‡°ğŸ‡ªğŸ‡°ğŸ‡ª,
The definition of talentğŸ‰,
The United States is not gonna win why you got fat people?,
"That is amazing ğŸ˜ğŸ˜, great job Kenya",
Kenya all the way ğŸ‡°ğŸ‡ª,
This uni4m for Kenyaâ¤â¤,
"Well done our Kenyan sisters, you did us proud ğŸ‘ğŸ½ğŸ‘ğŸ½ğŸ‘ğŸ½ğŸ¥°ğŸ¥°ğŸ¥° Love from Zim ğŸ‡¿ğŸ‡¼",
Congratulations Kenya from NYC ğŸ—½.You ladies are magnificent â¤,
Excellent ğŸ‘ŒğŸ‘‘ congratulations ğŸ‰ğŸ‘ğŸ’«ğŸ’«ğŸ’«ğŸ‘Š,
Proud Kenyan,
â¤â¤â¤â¤ğŸ˜‚ğŸ˜‚ğŸ˜‚ğŸ‡°ğŸ‡ªğŸ‡°ğŸ‡ªğŸ’•ğŸ’•ğŸ’•,
Kenya My mother land,
The editing is top-tier. Seriously impressive,
Kenapa kok mesti berkostum begini ya ?,
There's something different about faith kipyegon for sure I love you,
Well prepared for these races.,
2 saree di hain ğŸ˜‚,
Hugh jackman marega ğŸ˜¢,
"Utube? Algorithm got stuck? When is this from? (Kenyaaaa, njema! ladies, good job!!)",
Congratulations our kenyan queen,
"4 laps to go ..wow 
Congrats ladies.â¤â¤â¤â¤ğŸ‰ğŸ‰",
A JOB WELL DONE MY SISTERS. CONGRATULATIONS IS IN ORDER,
Congratulations ğŸ‰ congratulations ğŸ‰ congratulations my fellow KENYAS,
Kenya my country am proud to my homeğŸ‡°ğŸ‡ªğŸ‡°ğŸ‡ª,
"Our Queens , congratulations from homeland Kenya.eldoret",
What about showing 2nd & 3rd placingsâ€¦ terrible production,
"A relay from Sydney to Mombasa,then to Bukarest from there to Washington and then end up at Tipperary.",
Wow so amazing so proud of you dear for making Africans proud â¤,
C quoi cette course??!!,
Congratulations dear Kenyans,
You made us proud Kenyan Queens. Congratulations!!!,
Africas is killing it. We are taking over. We need our politicians to catch up .,
Proudly Kenyan ğŸ‡°ğŸ‡ª,
This race was in 2014.,
what a marvelous run. Absolutely incredible.,
ğŸ‰ğŸ‰ğŸ‰ğŸ‰ well done Kenya ğŸ‡°ğŸ‡ª,
Wow!!! Unbelievable!!!! Congratulations ladies of Kenya!ğŸ˜Š,
I enjoy the 4x100 and the 100m dash but this was just emotional congratulations Kenya ğŸ™ŒğŸ™ŒğŸ™Œ,
WHY ARE YOU SHOWING THE AUSTRAILIANS IN THE END AS THOUGH THEY WON.. YOU PEOPLE  ARE SO DECEPTIVE..,
The race to also watch would have been Australia overtaking the US for 2nd place.  Why cut the race short?,
Congratulations to Kenya all the way from the USA! A great race!,
Where were the Canadians? Lol,
Its gotta suck to run and worry if your gonna get a knife in the heart.,
"Oh, look, the Kenyans won again.",
I am the eye ğŸ‘ï¸ in the sky the space ğŸŒŒ satellite ğŸ›°ï¸ stations 123 you are peace and joy everything that you want will come to you in that perfect time united world marketing Inc is the property of their respective owners Go world ğŸŒ,
"For something like this, Kenyans don't disappoint. Congratulations ğŸ‰ you made your country and Africa proud. Love from Nigeria.",The race was in 2014.
"For something like this, Kenyans don't disappoint. Congratulations ğŸ‰ you made your country and Africa proud. Love from Nigeria.",â€‹@@AussieFIagI didn't know that but either way that was impressive.
"For something like this, Kenyans don't disappoint. Congratulations ğŸ‰ you made your country and Africa proud. Love from Nigeria.",@@AussieFIagEven now we are still leading ğŸ‡°ğŸ‡ªproudly Kenyan
Long live oberry,
We witness something very special,
Well done fellow Africans,
"The Kenyans all had beautifully strong strides, well done ladies!!",Pure talent and strong people of Kenyaâ¤. South African hereâ¤
Kantabbbbbb,
Viva Africa.algeria,
"Ok, congratulations to Kenyans,but why are they naked.",
"Putting an animal against three humans is obviously going to end with the animal winning.

Most house cats have a faster sprint than humans. Bears and wolves cannot be outrun either. Animals are faster than humans. lol",
Racesf,
Obiri was floatingğŸ˜¤,
Thankyou Lord for our Kenyan queens,
What was the distance?,
"Viva Wakenya wenzangu , viva L'Africa ğŸ¦¾ğŸ¦¾ğŸ¦¾ğŸ¦¾",
"This race has never been old for me,I keep on watching year in .Now 2025 July.",
"Il s'agit d'une course de quelle distance ? Dans l'Ã©noncÃ© vous parlez d'une course de fond et d'une course de relai, cela n'existe pas (je ne comprends pas les commentaires, je ne suis pas anglophone).",
"We as are proud of you, keep it up our own daughter of the African continent. Hallelujah!! Praise be to God Almighty!!",
Wale ma CIA na Assasins madem wako wapi washinde wakenya?,
Simple the best,
Our competition as Kenyans is always against timeğŸ•›,
I knew Kenyan people no joke ğŸ¤£,
From Congo congratulations,
"Wonderful, Kenya! Wonderful, wonderful running! God save us all from the white commentators - they only see themselves.",
â¤â¤â¤,
Waaal weldone kenyans,
"In GOD We Trust ğŸ’¯..
We Thank JEHOVAH GOD For bringing us this far..",
Kenya my pride,
Congratulations Kenyan girlğŸ‰,
It was literally a race to the finish. No competition was involved ğŸ˜‚ Kenya to the world! Let me correct the commentator who said more countries would have made it more competitive. Nah those are wise countries that decided to keep their prideğŸ˜‚,ğŸ˜‚ğŸ˜‚ğŸ˜‚ ğŸ’¯ %
It was literally a race to the finish. No competition was involved ğŸ˜‚ Kenya to the world! Let me correct the commentator who said more countries would have made it more competitive. Nah those are wise countries that decided to keep their prideğŸ˜‚,ğŸ˜‚
It was literally a race to the finish. No competition was involved ğŸ˜‚ Kenya to the world! Let me correct the commentator who said more countries would have made it more competitive. Nah those are wise countries that decided to keep their prideğŸ˜‚,True
"Well done ğŸ‘âœ…, Kenyan women â¤..
.. but wait, at 18:58 was that an all Australian women race ğŸ˜¢ !?!????????",
"Ngl Kenya's strategy was captivating and smart ğŸ™ŒğŸ½ğŸ‡°ğŸ‡ª

AurağŸ”¥ğŸ”¥ğŸ”¥",Congratulations my East African
Well done Kenya and well done to all the ladies ğŸ‘ğŸ‘ğŸ‘ğŸ’–,
"May the spirit of kelvin kiptum never leave our kenyan athletes..
Give me a like if the energy of kenyan athletes makes you feel energetic â¤",
"Nooo babay , START!!! Na co to czeka ten beÅ‚koczÄ…cy angol..",
Ile tych wstÄ™pÃ³w muszÄ… daÄ‡ by dojÅ›Ä‡ do tematu.,
"Thank you, Kenyans for making Africa proud. â¤â¤
Love from Nigeria ğŸ‡³ğŸ‡¬",â¤â¤â¤from Kenya
"Thank you, Kenyans for making Africa proud. â¤â¤
Love from Nigeria ğŸ‡³ğŸ‡¬",â¤â¤ from Kenya
"Thank you, Kenyans for making Africa proud. â¤â¤
Love from Nigeria ğŸ‡³ğŸ‡¬",#254Power. Ahsante
"Thank you, Kenyans for making Africa proud. â¤â¤
Love from Nigeria ğŸ‡³ğŸ‡¬",Thank you too you are great
"Thank you, Kenyans for making Africa proud. â¤â¤
Love from Nigeria ğŸ‡³ğŸ‡¬",From Kenya Rift valley home of champions
"All druggies. Not many clean athletes in any pro sports these days, if any at all.",
"At the end they said Australia got silver and US got bronze, but it was clear the US was 2nd ğŸ¥ˆ",
"One Africa. This is why Africa's rising is seen as a threat. When they get beat, they start saying well if there was this person or those people you would not have won. Well maybe next time. Well done Kenya",A threat to who you clown? They are fast runners they ran away from building civilizations and building cities a threat to nobody but themselvesğŸ˜ŠğŸ˜¢
Kenya never disappoints ğŸ‡°ğŸ‡ªğŸ‡°ğŸ‡ª Africa on top,
Ruto Tano tena for support young athletics,
ã“ã‚Œï¼æ—¥æœ¬ã®é§…ä¼ã‚’ãƒˆãƒ©ãƒƒã‚¯ã§ã‚„ã£ã¦ã‚‹ã¨åŒã˜äº‹ã ã‚ï¼1èµ°ãŒå…ˆè¡ŒãŒæœ‰åˆ©ï¼,
We are proud to be Africans,
"That's my country, proud to be Kenyan â¤â¤â¤",
The chosen ones  to do the jobğŸ‰â¤ğŸ‰â¤ğŸ‰â¤ğŸ‰â¤ğŸ‰â¤ğŸ‰,
"The end of the video is wanting,share what, subscribe what,was I not suppose to see our Kenyans queens at the end....edit your video this boring......#ğŸ‡°ğŸ‡ª#",
From an american ğŸ‡ºğŸ‡² great job to the Kenyan women EXCELLENT JOB,Thank youâ¤â¤â¤â¤ğŸ‰Kenyan in Dubai
â¤â¤â¤â¤â¤â¤â¤â¤â¤â¤,
Why does this look like it was made with AI or somethingğŸ˜³,
Congratulations Kenya! You are a shining star.,
"Came for the thumbnail, stayed for the vibes",
Tahniah pelari2 Kenya.Anda semua sangat hebat.,
Yes I aeon can do the time and ment Tain standard's of this race but it's female's.,
"Blistering running from the Kenyan ladies. Poetry in motion, each of them. Pure woman power within. Thank you",
Kenyans have historically excelled in these races.,
Why is he focused so much on the Australians? Kenya was always in the lead.,
Itâ€™s no way any country can defeat Kenyan in a distance match unless they donâ€™t come to the event. They rule that event for decades and it will never change. Wake up.,
Kenya we are always the best of the world.,
"Congratulations to Kenya, Africa ğŸŒ.
From Nigeria.",
Play the anthem KE.,
"Essa roupinha suprapÃºbica Ã© totalmente desnecessÃ¡ria. O que Ã© isso, meninas, para que tanta exposiÃ§Ã£o?",
ğŸ‡°ğŸ‡ªğŸ‡°ğŸ‡ªğŸ‡°ğŸ‡ªğŸ‡°ğŸ‡ªğŸ‡°ğŸ‡ª,
Uganda for KENYAâ¤â¤â¤,
I am proud to be Kenyan,
ğŸ’¯ğŸ™Œ,
Kenyans are the best,
Am happy for being a Kenyan!,
Well done dear ones. ğŸ˜‡,
Mercy cherono is the most beautiful athlete in kenya Bomet expressğŸ‰ğŸ‰ğŸ‰ğŸ‰ğŸ‰,
Hello Kenya we love you ğŸ¤ğŸ¤ğŸ‡¯ğŸ‡²ğŸ˜˜ğŸ¥°ğŸ¤ğŸ¤ğŸ¤ğŸ¤ congratulation ğŸ‘ğŸ½on a good ğŸƒğŸ½â€â™‚ï¸ğŸ™ğŸ½ğŸ™ğŸ½  you are ğŸ’ªğŸ½ğŸ’ªğŸ½ lots of ğŸ’•ğŸ’•ğŸ’•ğŸ’•ğŸ‘ğŸ¾ğŸ‘ğŸ¾ğŸ‘ğŸ¾ğŸ‘ğŸ¾,
Running boxer give black people that is gift of Allah,
AmazingğŸ‰ğŸ‰ğŸ‰;you made us proud!! Lots of â¤â¤â¤,
Hat off to my fellow Kenyans.,
"Man the Kenyans are strong, tough & beautiful runners & young ladies! Hate the ugly ass hateful commentors!",
"I knew as soon as I saw the woman wearing ""boy cut"" shorts that she'd lost her chance of winning before the race even started. Not at all surprising to see her bringing up the rear. Why would she handicap herself by binding the tops of her legs?",
â¤â¤â¤ kenya,
Vive l Afrique berceau de l humanitÃ© et n en deplaise aux jaloux du monde entier. Encore un grand bravo.,
Tjrs des conneries c medias pourris.,
"The new record established here (in this video) was 16:33:58 which is 2/100 of a sec better than the previous WR for the 4X1500m women of 16:33:60
So much hype for an improvement of 2/100 of a sec, but still, a record is a record!  ... Congratulations Kenyan ladies !",
Obiri and kipyego wee ni moto,
Very nice very proud of you people,
Moto aliyouwasha Kipyegon ulikuwa mambo yote.,
where are the kenyans on tge podium?,"yeah, the ending of this vid was really weird!!!  Like there was no real podium and wha?  It was just strange."
Despite 45 I still wished USA could take the silver medal. Itâ€™s good that news media refused to show when Australia overtaking USA. Very painful indeed. Kenya breaking the World Record and not even showing the athletes on the podium receiving their medals was just a low blow beneath the belt. Thatâ€™s more shameful than just pure racism for the western news media coverage. Not surprising but shameful!,
Last runner was perfect form,
congratulations kenya..ğŸŠğŸ‰,
Ğ‘Ñ€Ğ°Ğ²Ğ¾ ĞšĞµĞ½Ğ¸Ñ! â¤â¤â¤â¤,
The Kenyan gals run so comfortably in same styleğŸ‰ğŸ‰ğŸ‰â¤,
400Ã—4Ã—4ã“ã‚“ãªãƒªãƒ¬ãƒ¼ç«¶æŠ€ç„¡ã„ãï¼,
Bravo,
I love kenya but corruption is what hindering us,
ğŸ‡°ğŸ‡ªğŸ‡°ğŸ‡ªğŸ‡°ğŸ‡ªğŸ‡°ğŸ‡ªğŸ‡°ğŸ‡ª,
Kenyan's owned their ass ğŸ˜‚ğŸ‰ğŸ‰ğŸ‰,
Brilliantly done Kenya pity the stadium was nearly empty,ğŸ˜‚ğŸ˜‚
"East Africa on the Map ğŸ˜…â¤
âœŠğŸ¾ğŸ‡§ğŸ‡®",
Hellen obiriâ¤â¤,
From Africa with love,
In Kenya all things are possible â¤â¤,
"Congratulations to our athletic ladies,  l love you guys. You have made us great. Wana si hasa ndio tu hutuangusha. I love my country Kenya",
Kenyan flag flying higher than missilesğŸ‡°ğŸ‡ªğŸ‡°ğŸ‡ªğŸ‡°ğŸ‡ªğŸ‡°ğŸ‡ªğŸ‡°ğŸ‡ªğŸ‡°ğŸ‡ª,
Kenyans to the world congrants to whoever who came with this Olympics games..,
It's amazing you didn't show the winning team damn you dirty,
"What is this fetish with saying ""two times"" instead of ""twice""??  IE, ""2 time junior"" cross country champion 6:20; which is not as mellow to the ear, as the simple ""twice Junior"" cross country champion!  A bit like the old fashioned way of  how we used to ""contact"" someone, until the americans felt the need ""to reach out""?  You do that when someone is about to fall?  Is this needless extension of the old fashioned english that necessary?","Agreed.  I still use the word ""thrice""... just to wobble folks and make them think.  
The other one that has fallen is how we used to be taught to say ""(so and so) and I"",  which was a selfless way of talking, now, we say ""me and (so and so)""  which is the selfish way of talking.....
English and all its stupidnesses."
ğŸ’¯,
Well done kenyans.long live Africa,
https://youtu.be/0QxK_KbdjjM?si=dOdQ8Lw9c1orPvYn,
What race is this?  When was it? Where? What was the old world record?  What was the new record?  How much was the old record beaten by?,
KenyağŸ‡°ğŸ‡ªğŸ‡°ğŸ‡ªğŸ‡°ğŸ‡ªğŸ‡°ğŸ‡ªğŸ‡°ğŸ‡ª,
Kenyan girls making us proud ğŸ‰,
Well-done kenyağŸ‰ğŸ‰ğŸ‰ğŸ‰ğŸ‰ğŸ‰,
Viva Africa,
Yeeessssssszzzzzzz yyyeeessss,
Wow blacks won but they showed whites  on top !!!!,
People have always got to be so hateful towards black peoe it's pathetic..... But well done Kenya!!!!!,
Moving out baby,
Fastest Relay Ever? Watch This Epic Race and witness pure speed and teamwork like never before!,
"On one hand yes this is impressive. On the other hand it was also predictable who was going to win this race. I am someone who does not keep up to date in the world of relay races, but I have watched a fair amount of menâ€™s and womenâ€™s relay races. It is no longer a mystery of who will win these races. The reality is that people from Africa, Kenya, and Jamaica have the natural physical attributes built into their DNA to be the fastest runners. 

Anyone from any other nationality is at a severe disadvantage. It lessens the accomplishment of anyone winning at anything if they have all the advantages to give them the win. Especially if those advantages are something they are born with.",
All we know is that United Africa beat the other 3 aliensâ€¦ end of discussion,
Shame tÄ¥ere weren't more competitors..congrats Aussies for 3rdâ¤,
Wow!!!,
You guys suck,
The only event more boring would be the marathon relay - 4 X 26 miles.,
Congratulations to kenyans good lags and strong haert  speeding,
"Was it a trans (man to a woman)? If so, it is a cheat.",
"Ã‰rdemes a nagy hajat lobogtatni, hogy fÃ©kezzen?  HÃ¡t nincs ezeknek edzÅ‘jÃ¼k?",
â¤â¤â¤â¤fire ğŸ”¥ğŸ”¥ğŸ”¥â¤ï¸â¤ï¸â¤ï¸â¤ï¸ğŸ”¥ğŸ”¥ğŸ”¥ğŸ”¥ğŸ”¥,
Fantastic run. You missed that over taking of USA by the Australians. Poor coverage .,
It is also great to know Faith Kipyegon was there,
Kenyans work hard to achieve.. excellence in perfection,
https://youtu.be/G3_MEem2nEE?si=5BKurVNiYD3HFWbZâ¤â¤â¤â¤,
"Real legends, marvelous !",
"And you show us the Australians in the podium and not the winners, the Kenyans???",
"Excellent , thrilling and motivating. Kenya Hoyee",
Tuwang tuwa yung mga uranggutangğŸ¦,
Congratulations my fellow country women,
Iba talagang tumakbo yung mga lahing kabayo parang hindi napapagodğŸğŸğŸ,
Congratulations,
I wanted to see the winners not third place. Bias.,
"Cameras are focused on number 2,which is an American....",
Beauty in Motion! Congratulations to the Kenyans esp. and all the ladies involved who proved the human body is a phenomenal machine when tested..,"""human"" -- it was racing against humans. lol"
AfricaaaÃ â¤â¤â¤â¤,
"Its fair to say, kenyan team was racing against the clock! ğŸ™Œ",
besides all happiness kenya is the best country ever..... and we say ruto must go,
"Congrats,  Despite BIASED, photo Shoots at the ends.Shame.",
"ğŸ˜‚ğŸ˜‚ğŸ˜‚ğŸ˜‚kenyan queens are crazy ,kudos",
"Congratulations daughter of the soil of Africa â¤ Africa is proud of you my daughter, all the way from Namibia ğŸ‡³ğŸ‡¦",Daughters! Thank you
"Congratulations daughter of the soil of Africa â¤ Africa is proud of you my daughter, all the way from Namibia ğŸ‡³ğŸ‡¦",Africa is a continent in case you never knew
Never seen a 1500 metre relay ever. Wonder if Ovett Coe. Cram .+ one other would have done.,
Proud to be a Kenyan ğŸ‡°ğŸ‡ªğŸ‡°ğŸ‡ªğŸ‡°ğŸ‡ª,
"Melanin is Superior ğŸ’ªğŸ¾ğŸ’ƒğŸ½ğŸ‘‹ğŸ¾ğŸ‘ŠğŸ¾ğŸ™ŒğŸ¾ â€¦.always.
Inferiority complex breeds jealousy/racism

Congratulations â€¼ï¸ğŸ‰ that was next level amazing",
Proud to be a Kenyan kudos my sister's,
Proud to be kenyan ğŸ‡°ğŸ‡ªğŸ‡°ğŸ‡ªğŸ‡°ğŸ‡ªğŸ‡°ğŸ‡ªkenya ni home,
I'm here for the Africans yes go,
Not a legit race without Ethiopia,
"WauğŸ˜‚ Kenya, Kenya",
Well clearly this is not the fastest relay ever since it is a womanâ€™s race.,
Do Kenyan athletes have extra lungs,
They born to run Congrats,
Congratulations Keyans wonder girls. ğŸŒ¹ğŸŒ¹ğŸŒ¹ğŸŒ¹ğŸŒ¹,
"Brilliant,  simply brilliantly delivered. It was a Big and Beautiful race to watch",
Wowâ¤â¤â¤Kenya my mother land ğŸ‡°ğŸ‡ªğŸ‡°ğŸ‡ªğŸ‡°ğŸ‡ªğŸ‡°ğŸ‡ªğŸ‡°ğŸ‡ªğŸ‡°ğŸ‡ªâ£ï¸â™¥ï¸â™¥ï¸ always soaring high,
Go go go African Queens proud of you,
Well done ladies! Congratulations Kenyan female runners.,
well done queen of Africa,
Go go Kenya africa gogog,
"Weeuh â¤â¤â¤, congratulations are in order",
Kenya the country of runners we are proud of you Ronoh as Kenyans,
Now that is the Kenya Ruto does not deserve,
Weldone Kenya,
.... und man sieht sogar auf dem ersten Blick das das alles Frauen sind !!!!,
"Wow.... EXCELLENT race... and I loved the narrators, they did awesome too!",Really? Excellent race but I thought the narratorâ€™s were horrible!!
"Wow.... EXCELLENT race... and I loved the narrators, they did awesome too!","@@LyonsM I think what really got me was how honest they were about themselves, not arrogant or high faluten:)"
Well done kenyans ğŸ‰ğŸ‰,
So whatâ€™s the excuse now for not showing the gold medalists on the podium especially when the silver holders were in full display? Never mind we know the drill lol,"I think it's ""politcal correctness"".  If ever there was a scourge on the planet, it is ""political correctness""."
Wantam â¤â¤â¤,
Waoooooo,
How PATHETIC that the Western Nations can destroy sport like this....4 contenders!!,
Happy for kenyaâ¤,
"A little background research and I discovered that this race took place over 10 years ago, although it goes to prove what a powerhouse Kenya continues to be in middle annnd long distance running for both men and women. 
Marathons are often won by Kenyans. 
Proud to call Kenya my (adopted) home.",Pure lie
"A little background research and I discovered that this race took place over 10 years ago, although it goes to prove what a powerhouse Kenya continues to be in middle annnd long distance running for both men and women. 
Marathons are often won by Kenyans. 
Proud to call Kenya my (adopted) home.","@@evelynewanja7503 if you say so... Report: women's 4x1500m â€“ Bahamas 2014

""Kenyaâ€™s womenâ€™s 4x1500m quartet improved the world record* by more than half a minute to 16:33.58 at the IAAF World Relays in Nassau, The Bahamas, on Saturday (25).

The team of Mercy Cherono, Faith Kipyegon, Irene Jelagat and Hellen Obiri not only took the first prize of US$50,000 but also a world record bonus of US$50,00.

Cherono opened with a leg of 4:07.4, leading at the handover, Kipyegon followed with 4:08.5, Jalegat ran a leg of 4:10.8 with Obiri bringing Kenya home with 4:06.9 (all splits unofficial).

The previous world best of 17:05.72 was set by another Kenyan team in Nairobi last month.

Cherono, the Moscow 2013 5000m silver medallist,  made no effort to start the 4x1500m as aggressively as the Kenyan men had gone after the 4x800m record earlier in the day, and Australiaâ€™s Zoe Buckman was able to stay close during the first leg. 

Just after Buckman handed off to Bridey Delaney, however, the USAâ€™s Kate Mackey took the baton from Heather Kampf and ran straight into the Australian lead off runner, with both tumbling to the track. 

Mackey scrambled back to her feet but then faced a gap up to the pair in front of her.

Faith Kipyegon disposed of the Australian threat quite thoroughly in the second leg, opening up an 80-metre gap on Delaney, making her move from 500 metres onwards, before handing off to Jelegat. 

In the third leg, in which Jelegat was running on her own, Kate Grace was able to close the remaining gap between the USA and Australia's Brittany McGowan and overtook the Antipodean to put the USA into second place.

Jelegat slowed a little over the last 400m of her stint, but when she handed off to Hellen Obiri, the record was clearly going to be decimated baring disaster but the latter took off like she was only running 800m, clearing the first lap in just 60 seconds. 

Obiri also benefited from the appearance of the Romanian anchor in front of her, a target to chase, and she lapped the Romanian on her final circuit before leading home the first team to run under 17 minutes for the event.

The US women also came in under the old best at 16:55.33, and Australia's 17:08.65 for third was in shouting distance and an Area record. 

Romania, lapped and trailing in fourth, still set another national record with their 17:51.48.""

Parker Morse for the IAAF"
"A little background research and I discovered that this race took place over 10 years ago, although it goes to prove what a powerhouse Kenya continues to be in middle annnd long distance running for both men and women. 
Marathons are often won by Kenyans. 
Proud to call Kenya my (adopted) home.",â€‹@@evelynewanja7503this happened in 2014. Just look at the start of the race when they display the names.
"A little background research and I discovered that this race took place over 10 years ago, although it goes to prove what a powerhouse Kenya continues to be in middle annnd long distance running for both men and women. 
Marathons are often won by Kenyans. 
Proud to call Kenya my (adopted) home.","@@evelynewanja7503 True , You can see Faith Kipyegfon still a baby"
"A little background research and I discovered that this race took place over 10 years ago, although it goes to prove what a powerhouse Kenya continues to be in middle annnd long distance running for both men and women. 
Marathons are often won by Kenyans. 
Proud to call Kenya my (adopted) home.","Our Kenyan star now and world champion Faith Kipyegon is still a baby here , you are so right"
CONGRATULATIONS KENYANS FROM PHILIPPINES,
Proud to be a Kenyan.,
Kenya Fantastic!!!!!,
Go go go ğŸ‡°ğŸ‡ªğŸ‡°ğŸ‡ªğŸ‡°ğŸ‡ª,
"Thanks our stars for always flying our flag high,we proud of you...God protection is upon you always â¤â¤â¤â¤â¤â¤â¤",
IF you are KENYA ğŸ‡°ğŸ‡ª gonga like,
"18:40 Unfrortunately an error crept into the video naration here: In this race, helt on May 24 2014, in reality the United States team came in second with a time of 16;55;33 and the Australian team came in thirth with a time of 17;08;65",
Congrats Kenyan ğŸ‰,
"Why is the organizers putting up Coca-Cola drink advert, an unhygienic drink, pushing massive sugar intake, causing obesity,  diabetes, and definitely not a place in a sports event?",Sigh.... the world in which we find ourselves... often so upside down in its ways and backwards in its thoughts.
Congratulations my hereos for making Kenyans and whole Africans feel proud of you â¤â¤ğŸ‡°ğŸ‡ªğŸ‡°ğŸ‡ªğŸ‡°ğŸ‡ªğŸ‡°ğŸ‡ª,
Vorrei solo capire su che distanza si sviluppa la gara????????????,
Kenya to the world ğŸŒ,
Keep shining kenya,
â¤â¤â¤â¤â¤â¤ğŸ˜‚ğŸ˜‚ğŸ˜‚ğŸ˜‚,
"lol, those Kenyon's runnin comes from  all them years in the jungle, SO said Archie Bunker, the T.V cartoon character.",
NO PODIUM UGGGG,
Kenyans we are doing good,
Hi cousins ğŸ‡°ğŸ‡ª,
KENYA WE ONLY DO BEST IN RUNNING.ğŸ¦µğŸ¦µğŸ¦µğŸ¦µğŸ‘‹ğŸ‘‹ğŸ‘‹ğŸ‘‹CONGRATS!!!,
ğŸ‡°ğŸ‡ªğŸ‡°ğŸ‡ªğŸ‡°ğŸ‡ªğŸ‡°ğŸ‡ªâ¤,
Am proud to be Kenyan you all girls more Respect ğŸ‘Š more love girls love you all,
Africa represented well.,
Did I miss something? When did Australia take back second place? It sure wasn't shown in this video. What I saw at the 11:40 time mark was the USA taking over Australia.,Must have caught back up in leg 4?
Thise with longer legs should gave win if only they were determined to be in front and have the stamina.,
Congratulations to you ladies for keeping Kenya on record,
I am a proud kenyanğŸ‰ğŸ‰ğŸ‰â¤ ğŸ‡°ğŸ‡ª ğŸ‡°ğŸ‡ª ğŸ‡°ğŸ‡ª,
Kama wewe n mkenya weka like tukisonga â¤â¤â¤ğŸ‰ğŸ‰ğŸ‰ğŸ‰,
Congradulation Kenyan for winning.tamilnadu.india.,
Wow! So beautiful. We thank God,
Why show this 11 years later??,
That wasn't just a New World record. That was an ass kicking.ğŸ‘ğŸ‘â¤ï¸â¤ï¸ Bravo girls,Damn right & I love it!
Is anyone seeing the young faith kipyegon,
Wow,
"Why didn't you show the final times of all the teams?  And why did you say Australia got Silver and the USA Bronze when during the race it showed both the USA passing Australia and crossing the finish line in 2nd place before you abruptly quit showing the rest of the race and the other teams finishing or the final times.  ""Do Not Recommend Channel"" selected.  Great Race, Lame Editing & False Commentary Contrary to the Observable Reality of the Race....demonstrating you really don't care and just want views...got one from me, as in one and done.",Beautiful Race & Congrats to the Remarkable Ladies from Kenya....got annoyed by the channel editing and spaced appreciating the excellence of all of you individually and OMG collectively as the Best Team in History!
ha...saw kenya...thought yeah they will win...but that was...ouch!,
"Why are there only four contestants? Amazing for Kenya, but why 4?",
Congratulations Kenya.,
"Why 20 minutes when 2 minutes would have told the story,complete with video ?",
Weâ€™re they all women?,
Check your spelling of exclusive ..,
Congratulations ğŸ‰team ğŸ‡°ğŸ‡ª,
Kenya has internet?!  JKğŸ˜‚.  Congratulations to Kenya!,
"But the question that comes to mind....are they ""real"" women or are there any "" Lady Bois"" involved?
Hopefully that is not the case!",
wtf. Just send a trans woman and there is no world record that holds. This race w/o trans women is a bore,
Black lady is the smallest,
I think the black gal will win ğŸ¥‡,
Will the Negroni win ? ğŸ¥‡ thatâ€™s my guess ğŸ˜…,
Of course Kenya would break a record ğŸ‘ğŸ¾ğŸ‘ğŸ¾ğŸ‘ğŸ¾,
"Superbes, des gazelles, les kenyanes, Masha Allah",
I love the good job to make your country proud â¤â¤â¤â¤â¤,
These young girls are proper fit this the first relay race i seen where the time  run around  well to them all â¤. United Kingdom,
ğŸ‡°ğŸ‡ª ğŸ‡°ğŸ‡ª ğŸ‡°ğŸ‡ª ğŸ‡°ğŸ‡ª we retaliateee ğŸ˜…ğŸ˜…ğŸ˜…ğŸ˜…,
Clean finishğŸ‰,
Why are Russia and Britain not there?,
Wow that was beautiful to watch..so proud of team Kenya ğŸ¥¹,
"Congratulations to the winner. Love to all the others. They are all God's beautiful gifts. â¤â¤â¤â¤â¤â¤.
MRS GP-J COMMEND.",
WOW!!!  Well done Kenya!!!!,
Pamuja,
ğŸ‰ğŸ‰ğŸ‰ğŸ‰congrats my country people,
God bless mother African we solute the Kenyan goddess ğŸ‰â¤ğŸ‰,
Asantisa /Congratulations The four Kenyans wheetah runnersğŸ’¥ğŸ’¥ğŸ’¥ğŸ’–ğŸ’–ğŸ’–ğŸ«¶ğŸ«¶ğŸŒâœŒï¸ğŸ’ğŸ’•ğŸŒ¹ğŸŒ¹ğŸŒ¹ğŸ¥³ğŸ¥³ğŸ¥³ğŸ¥³,
Check them all for penises?,
"Hongera to my beloved Kenyans, love from ğŸ‡ºğŸ‡¬",
"I especially enjoyed finally hearing the commentator give up the props when he said, â€œFOUR KENYAN QUEENS.â€",
"ğŸ‡°ğŸ‡ªğŸ‡°ğŸ‡ªğŸ‡°ğŸ‡ª Made us proud as KENYANS, and AFRICA as well.Well done.ğŸ‰ğŸ‰ğŸ‰â¤â¤",
"Mind blowing aye! absolute machines built different. Iâ€™m puffin after a k, serious hats off to Kenya",
"â¤â¤â¤ Kenya my mother land doing what they know best,â¤â¤â¤....hapa hakuna  cha WANTAMğŸ˜‚ğŸ˜‚ğŸ˜‚ğŸ˜‚ğŸ˜‚",
"Indeed...True & Original Proud & Dignified 
AFRICAN QUEENS...
NATURALLY...

Wow, Wow, Wow...What an Amazing Grace â¤ğŸ‰â¤ğŸ‘ŒğŸ¿ğŸ‘ğŸ¿ğŸ‘ğŸ¿â˜ğŸ¿",
"Making Africa REIGN Great In Nature...A Wide
MARGIN...
Naturally 

Proud of these young Kenya ğŸ‡°ğŸ‡ª Ladies
Thank you for making Africa Proud & Dignified...
Naturally without any drug enhancement",
well done my fellow kenyanğŸ¥°ğŸ’¯,
Team KenyağŸ”¥ğŸ”¥ğŸ”¥,
Go black we are same people,
"18:46 Australia was third, USA was second",
But you canâ€™t beat black folks you just canâ€™t beat them sorry snow people you just canâ€™t beat us. We are good at everything we do everything.,
"Congratulations Kenyan girls â¤ from Ethiopia 
ğŸ‡ªğŸ‡¹ğŸ‡ªğŸ‡¹ğŸ‡ªğŸ‡¹ğŸ‡ªğŸ‡¹ğŸ‡ªğŸ‡¹ğŸ‡ªğŸ‡¹ğŸ‡ªğŸ‡¹",
Congratulations queens of Kenya,
"""Fearless"" Really?",
Congratulations Keniyen Champs ğŸ‰ğŸ‰ğŸ‰ğŸ‰,
â¤â¤â¤â¤â¤â¤â¤â¤â¤â¤â¤â¤â¤â¤â¤â¤â¤â¤â¤They simply OBLITERATED it. Can't believe I shed tears just now rewatching this,
â¤â¤â¤â¤â¤â¤â¤â¤â¤â¤â¤â¤â¤I love my fellow Kenyan athletes. They Obliterated it,
I wanna be Kenyan.    Wow...............!!!!!!  What are they eating?  What air are they breathing?  Multiple laps each......!!!!!,
"Just being able to witness such absolute talent, hard work, determination, resilience, and endurance is such a blessing! OMG! Magnificent!",
"Well done my fellow Kenyan,,,, if we ni mkenya usipite bila like",ğŸ‰
"Well done my fellow Kenyan,,,, if we ni mkenya usipite bila like",â¤â¤â¤ğŸ‘ğŸ‘ğŸ‘
"Well done my fellow Kenyan,,,, if we ni mkenya usipite bila like",Kasongo must Go
"Well done my fellow Kenyan,,,, if we ni mkenya usipite bila like",Love from Kenya
"Well done my fellow Kenyan,,,, if we ni mkenya usipite bila like",Mtanzaia Mia ila napenda what Kenya has been doing in this field so far
"..UUUmiliating, not since Secretariat",
What a beautiful quartet from Kenya. Congratulations.,
Kenya the Beast,
Excellent achievement congratulations,
Kenya Queens Africa for Africans,
Obiri heleen #kenya â¤,
Kipyego good thanks,
Good job lil ladies! Proud of you all!,
Did not get what distance was it?,
Congratulations  Kenya ğŸ‡°ğŸ‡ª ğŸ‘,
Good job guys,
Kenya dominated this race Congratulations But why wasn't their gold metal award shown and their national anthem played. They broke a worlds record.,
That race was legendary.â¤ğŸ˜®ğŸ˜®ğŸ’ªğŸ¾ğŸ‘ğŸ¾ğŸ‘ğŸ¾ğŸ‘ŠğŸ¾,Not.  What else did anyone expect?
That race was legendary.â¤ğŸ˜®ğŸ˜®ğŸ’ªğŸ¾ğŸ‘ğŸ¾ğŸ‘ğŸ¾ğŸ‘ŠğŸ¾,@ArroEL922 haters are loved tooğŸ–¤ğŸ˜‚
What a blistering performance from our African queens. Congratulations to our Kenyan CHAMPS,â¤ğŸ‡¨ğŸ‡¦
What a blistering performance from our African queens. Congratulations to our Kenyan CHAMPS,Queens?   Lol
What a blistering performance from our African queens. Congratulations to our Kenyan CHAMPS,â€‹@@spaceherpies yes they are Queens. Do you have any issues with that?
What a blistering performance from our African queens. Congratulations to our Kenyan CHAMPS,â€‹@@tabithakamande7630  they are not.  Facts matter
à®µà®¾à®´à¯à®¤à¯à®¤à¯à®•à¯à®•à®³à¯ à®…à®©à¯ˆà®µà®°à¯à®•à¯à®•à¯à®®à¯.,
"4 Kenyans ğŸ‘‘ Queens! 

Absolutely â¤ï¸love itğŸ‘ğŸ˜.",Whooooo fantastic Kenyans Queens..Congrats...
Yay!  My white guilt is sated by her win...yay !,
â¤â¤â¤,
So exciting and beautiful to watch Kenyan's run like stallions,
"Wonderful girls. Girls from down under, you did us proud and congratulations",Not Aussie but I believe these team should have won. One day I believe they will if they keep up their training.
I guess they did away with this kind of races bcs kenya would have advantage in it,
No Dutch  ??,
"Congratulations ,well done Kenya. Greetings from Canada !",
"This race smashes all the others,sooo greatğŸ‰ğŸ‰ğŸ‰ğŸ‰â¤â¤â¤",
Congrats to our team Kenya.,
Whereabouts is CanadağŸ˜‚ğŸ˜‚ğŸ˜‚ğŸ˜‚ğŸ˜‚,
Kenyan athletes are simply the best!,
ğŸ‡°ğŸ‡ªğŸ‡°ğŸ‡ªğŸ‡°ğŸ‡ªğŸ‡°ğŸ‡ªğŸ‡°ğŸ‡ªğŸ‡°ğŸ‡ªğŸ‡°ğŸ‡ªğŸ‡°ğŸ‡ªğŸ‡°ğŸ‡ª,
donâ€™t play with black peoples especially African and Jamaican we the best ğŸ‡¯ğŸ‡²ğŸ‡¯ğŸ‡²ğŸ‡¯ğŸ‡²ğŸ˜ğŸ‡¬ğŸ‡³ğŸ‡¬ğŸ‡³ğŸ‡¬ğŸ‡³ğŸ‡¬ğŸ‡³ğŸ‡¬ğŸ‡³ğŸ‡¬ğŸ‡³ğŸ‡¯ğŸ‡²,
"Outstanding indeed, but the video has ended before showing them receiving the medals why",
Kenyans totally destroyed everyone and made them look like amateurs. Very well deserved win.,
Im pround to be a Kenyan glory ğŸ˜ŠğŸ‡°ğŸ‡ª,
ğŸ‡°ğŸ‡ªğŸ‡°ğŸ‡ªğŸ‡°ğŸ‡ªgo kenya,
"Outstanding performance, Kenya. Thank you for the thrill of watching you perform. You were magnificent to watch.",
THE KENYANS MAD IT LOOK EFFORTLESSLY....BEAUTIFUL STRIDES ğŸ˜Šâ¤,
"Why are they ""fearless""?",
She's far to experienced... LOL!  You are an absolute K**T,
"Proud as I am of the Australians, where are the bloody Kenyans? What an insult!",
Congratulations  allâ¤,
"Congratulations to. Kenya
The grate",
It was always kenya against clock,
Elles sont fortes ces KÃ©nyanes,
Does anyone realize that this was from 11 years ago?,
Hard to beat kenyans...well trained in a rugged rough rocky land uphill without rest..the great undisputed and pursuer of hope and success no matter what...,
"Lesson learned: In life, the competition must always be against oneself. So proud of my fellow Kenyans.",
"Wow, you mean its not necessary to have your shorts riding up the crack of your ass to run fast? Amazing.",
Amazing!,
â¤â¤â¤my lovely Kenyans,
The BAND HAS TO GO !!!!!,
"Please, are you raciste ? Why don't show the Kenyans on the Podium ?
Very suspect !!!ğŸ˜€ğŸ˜€ğŸ˜€ğŸ˜€",
"Yeah. Show the second losers on the stand and not the champs. Sad, bigots",
"Proudly African,  daughters of the soil ğŸ‰ğŸ‰ğŸ‰ğŸ˜¢",
â¤â¤â¤â¤â¤â¤â¤,
Beautiful to see running like that. Kenyan team just gorgeous!  Thanks for recording this athletic feat!,
4X1500 ? never heard of it,
"I am crying, Kenyans... it is Africa's TIME â¤",
That was great.,
The music drowns out the speech.,
What was the distance?,
Yea kenya job well done.â¤,
"those races are cool, but nothing beats sprinting..",
Love you Kenyans!!!! â¤â¤â¤,
"I thought the USA had a big lead on the Aussies, but at the end of the video it says  Australia 2nd, USA 3rd...?",
"Congratulations to the Kenyan team, amazing running they made it look so easy",
Hongeren majiranğŸ‡¹ğŸ‡¿,
This looks so CG.,
Jamaican for Kenyans ğŸ‡¯ğŸ‡² congratulations,
Africa Queens,
"with this race, I just skip to the final lap lol",
Gud luck sa winner,
"Poetry in motion , incredible!!!",
Absolutely beautiful race Kenya ğŸ‡°ğŸ‡ª girls inspire me to run ğŸƒğŸ¾â€â™€ï¸,
Boring race tbh,
Wow ğŸ˜²......that sista turned on the rocket ğŸš€ s!,
"Ã¨ un post fatto con i piedi,  Che gara Ã¨? non c'Ã¨ scritto da nessuna parte. Ma andate a scopare il mare",
"of course Kenyan's are gonna win, The gotta run from Lions and shit over there, they gotta be fast ğŸ™‚",
"Do not ""like"" the video because of the blatant racism.",
Congratulations Kenyan  Queens,
Unfortunately you can't tell which are the transgender frauds. I can't watch women's sports anymore. They let the fraud go too far!,
Fastest womens relay i know is below 42 s,
What is the Distance - Almost Never run?,
Total Obliteration!!!,
Well done Kenya ğŸ‰,
African Melanin - The Original Kings & Queens............ğŸ™ğŸ¾ğŸ¯ğŸ”¥,
Were any of them biological men? Just asking,
Iâ¤ my country,
Hizi ni mbio za lini,
Cingratulation Kenya.  You make our continent proud.,
Oh look! No pretend women! How refreshing!,
Yes why weren't they at the podium in the end?,
"âœ”ğŸ‘ğŸ‘ŠKENYAN  TRACKğŸ‘‘S, NEVER  DISAPPOINTğŸ™ğŸ½ğŸ”ŠğŸ‡¯ğŸ‡²ğŸ‡¬ğŸ‡§.",
"Wow! Congratulations, USA got silver,not bronze. â¤â¤â¤â¤â¤â¤â¤â¤",
The real goatsğŸof the world track,
When it comes to athletics Kenya is something else,
"Amazing!  Wow so much talent and hard work!  Congrats,",
Yes  my lovely Kenyan sister ğŸ¦¾â¤,
Fantastic,
"There at a different level, WOW.",
"Africa is able, Africa is king; shame on racists. Thank you Kenya. Respect Africans!",You like fake women competing against women. ğŸ˜‚
And not a trans in sight. Well done GIRLS!,
ğŸ‡°ğŸ‡ª African queen's  ğŸ†,
FÃ©licitations Ã  ces jeunes femmes cette performance sans prÃ©cÃ©dent...bravo...,
Nice,
Make shorts popular again.,
"That is some GREAT MUSIC! 
Is there an album, does anyone know?",
â¤,
Kenya the pride of Africa ğŸ‰ğŸ‰,
Proud to be a Kenyan ğŸ‡°ğŸ‡ªğŸ‡°ğŸ‡ªğŸ‡°ğŸ‡ª,
dopping,
Kenyans leads and others follow. Proud to be a kenyan â¤,
"As an Australian,I am very proud of our team but major congratulations must go utopia the Kenyan girlsğŸ˜Š",
2 days!!!! stop wasting my time !,
"Congrats, but the USA took the silver and Australia took the bronze!  Get your facts straight!",I was confused and thought I had missed something lol.
Kenyans queens did it congratulations  ğŸ‘¸ ğŸ‘¸ ğŸ‘¸ ğŸ‘¸ ğŸ‘‘ â¤,
The Kenian girls run like leopards.,
"ABSOLUTELY DISGRACEFUL DISPLAY OF SOUR GRAPES AND RACISM!! So the WINNERS, the four BLACK women, the four KENYANS, the four AFRICANS,were NOT shown on the winners podium? This channel is a disgrace! ğŸ¤¬",
What was theols record?,
Obiriiiiii ğŸ‰ğŸ‰ğŸ‰ğŸ‰ğŸ‰ğŸ‰ğŸ‰ğŸ‰ğŸ‰ğŸ‰ğŸ‰,
ğŸš§ğŸ’ŠğŸ’‰,
Waoooo,
Someone will say steroids ğŸ™„,
Racism is just terrible in this world and Satan is behind it all folks. Come to Jesus âœï¸,
2014???ğŸ˜®. SKIP.,
Go girls!  Yay Kenya â¤,
Im not talking to you  its hard to say.,
"This is what's called racism. We can only race athletically ; We can't race by the colour of our skins.
That's brainwashingly illiterate.",
"â¤ï¸ Viva 2 th Kenyan queens!!!!ğŸ‘Œâœ”ï¸ğŸ’¯ğŸ‘ğŸ‘ğŸ‘ğŸ‘
We would hav loved 2 see them being crowned & hear our beautiful National Anrhem.",
"They made it seem like another country won the race! WTH, Kenya won this race ! ğŸ˜®",
Congratulations kenya,
Jealous thats it... JEALOUS,
Great athletic performance by Kenyan queens and African representatives!!!,
"Great pace and style from our Kenyan girls!

 Congratulations!",
Well done my dear daughters of Africa. You really make us proud â¤â¤â¤,
Australia girls ğŸ‰ğŸ‰ğŸ‰,
"Commentator ğŸ˜….. this is not about world record,  is about Kenya vs the GlobeğŸ˜ŠğŸ˜Š",
10:20 Do they think Russia should be in the competition? ğŸ¤•ğŸ¤•ğŸ¤•ğŸ’€ğŸ’€ğŸ’€ğŸ’€ğŸ’€ğŸ’€ğŸ’€ğŸ’€ğŸ’€ğŸ’€ğŸ’€,
2014 ?,
Admin should have shown the Kenyan team receiving their championship prizes or medals,
Boycott:  90+LEGENDS,
Kenya needs only to put anew records,
Long Live Jim Thorpe !!,
è„šé•·ã™ãã¦è‰,
Go Aussie png with you,
i was very proud of my australian girls .. they held on to make the silver.. excellent job .. and congrats to kenya,"I'm afraid they did not, I've looked it up and the female voice narator at the end has it slightly wrong, in reality the United States won silver and the Australian team won bronze."
Where are my South Africans??,
Kayamba tele,
Faith is a dynamite,
...and all done without men on the podium.,
They flew our Kenyan ğŸ‡°ğŸ‡ª flag high. God bless these beautiful ladies. God bless our Kenyan athletes. God bless Kenya. #proudlyKenyan,
"Well done Kenyan ladies. 
You are the pride of Africa.",Yes ğŸ‡¿ğŸ‡¦is very proud of Kenyan ladies â¤â¤
I love to watch   Kenya  girl's super runner's â¤â¤,
"YOU ARE THE REAL AFRICAN QUEENS.

 CONGRATULATIONS!!!",
This not the whole relay ?,
"14:59 ""the one danger for her, she does go a little bit too crazy"" ğŸ¤£ğŸ˜‚ğŸ˜‚â¤",
Wow! Congrats to the Kenyans!,
My God. That was terrific ğŸ‘.  ğŸ‰ğŸ‰ğŸ‰ğŸ‰ğŸ‰ğŸ‰ğŸ‰ğŸ‰ğŸ‰ğŸ‰pure energy in their legs â¤â¤â¤â¤â¤,
Antelopes Gazelles Leopardsâ¤,
Congratulations our Kenyan Queens,
WTH with the music at 16:24 ? ! ?,Right
"I am an Indian and seeing the winner, I wept as I supported wholeheartedly a non American and non white team.
God BLACK people have brought glory to many countries, but not to their own native countries.
I as a humble person from BHARAT- that is INDIA, want the glories come from the native people of African nations and not American or English or for that fact European colonizers' flags, who have deceived you and all colours since centuries.",
ğŸ‰ğŸ‰ğŸ‰ congratulations my people always win ğŸ‡°ğŸ‡ªğŸ‡°ğŸ‡ªğŸ‡°ğŸ‡ªğŸ‡°ğŸ‡ªğŸ‡°ğŸ‡ª,
"Unbelievable stuff, heck of a race, congratulations to Kenya. One problem, they showed the USA comfortable over Australia and them crossing the finish line in second, then said Australia got the silver and USA got the Bronze. ????","Nah, USA got silver, 13 seconds ahead of the Aussies.  What was shown kinda confirms that, as the Aussie's came out first, for the presentaion, which would make sense if they finished third.  Despite the US being 22 seconds behind Kenya, they were still under the previous world record time, which shows what an amazing run the Kenyan's performed that day."
Wow!,
I hope there werent any men running in that relay. A lot of sickos mutilate their genitalia just so they can cheat and compete in women's sports.,
"Typical US athletes, big egos with litlle to show for it. Their president is prime example. Even the Australian over took them.",Sounds like you got deported. 
16:33.58 Dang if they ain't some bad WOMEN RUNNING.LAP'N THE 4TH PLACE TEAM WHILE DOING SO. I'D FALLIN AFTER FIRST LAP.LOL BUT BACK N THE DAYS I'D BEEN LUCKY TO RUN A 7 MINUTE MILE. BREATH TAKING NEVER THE LESS &A BIG CONGRATS TO KENYA &WE KNOW THAT COUNTRY PRETTY MUCH DOMINATES THE LONG RUNNING.,
ã‚±ãƒ‹ãƒ¤äººã®å¥³æ€§é¸æ‰‹ã¯ã‚«ãƒ¬ãƒ³ã‚¸ãƒ³ã®ã‚ˆã†ã ã€å½¼å¥³é”ã¯æ¯æœå­¦æ ¡ã«èµ°ã£ã¦é€šã£ã¦ã„ã‚‹ã€ã—ã‹ã‚‚å½¼å¥³ãŸã¡ã®ç”Ÿã¾ã‚ŒãŸåœŸåœ°ã¯ï¼’ï¼ï¼ï¼Mã®é«˜åœ°ã‚ã‚Šã€å¹¼ã„ã“ã‚ã‹ã‚‰æ¯æœé«˜åœ°ãƒˆãƒ¬ã‚¤ãƒ‹ãƒ³ã‚°ã—ã¦ã„ã‚‹æ§˜ãªã‚‚ã®ã€æ™®é€šã®äººã§ã¯å¯¾æŠ—ã§ããªã„ã€‚,"Yes, extraordinary people."
ã‚±ãƒ‹ãƒ¤äººã¯èª•ç”Ÿã—ãŸæ™‚ã‹ã‚‰éé…·ãªäººç”Ÿç«¶äº‰ãŒå§‹ã¾ã£ã¦ã„ã‚‹ã€å½¼ã‚‰ã®æ¯è¦ªã¯ï¼‘ï¼ç¨‹åº¦å­ä¾›ã‚’ç”£ã‚€ãŒã€æœ€å¾Œã«æ®‹ã‚‹ã®ã¯ï¼“åã»ã©ã ã¡è¨€ã†ã€‚ç”Ÿãæ®‹ã£ãŸå½¼ã‚‰ã¯äººç”Ÿã®å‹è€…ã§ã™ã€‚,
"Great cause to celebrate these Kenyan lady runners, but why does this clip not end with the winners atop the podium????  What a slight!","America is too ashamed to bear the humiliation. Like it or not, Africans are your bosses!"
spectacular! congrats to all.,
"Fantastic race,,queens,Kenya rules, from Canada.",
I didn t expect to love this as much as I do,
"Fabulous, & for this occasional fan, please write the year and date in your written material! Thanks!",
"Good on them 
So glad to see this ğŸ‰ğŸ‰ğŸ‰",
And itâ€™s actually women in a womenâ€™s raceâ€¦.unbelievable.,
Kampf  German  name meaning fight.,
not worth watching as whin you use trans women in place of real women to most of the world id not going to watch as it id still cheating,
Ooh ooh,
easy when you replace a real woman with a man,
The winners are Nephilim descendants from demons. See Genesis 6.,
like we care,
"USA finished in 2nd in this race, not 3rd.  Their time of 16:55.33 is ranked number 5 all time as of today.","I thought so, too."
"USA finished in 2nd in this race, not 3rd.  Their time of 16:55.33 is ranked number 5 all time as of today.",But Kenya is ğŸ”¥ğŸ”¥ğŸ”¥
"USA finished in 2nd in this race, not 3rd.  Their time of 16:55.33 is ranked number 5 all time as of today.",I was wondering why they say Australia Silver. It looks like a mistake
"USA finished in 2nd in this race, not 3rd.  Their time of 16:55.33 is ranked number 5 all time as of today.",â€‹@@African215 this race was in 2014 ğŸ‰ğŸ‰ğŸ‰
This is from 2014.  USA now has the world record at 16:27.02,
"4 Kenyan cousins, hi cousins",
Prolly a dude. ğŸ˜‚,
"What's the point of presenting a race that isn't part of the Olympic Games?
Aside from being long and boring, this race dates back to 2014!",
To be fair all 4 are biolgical males,
It was not a serious event. And of course not an official event of IAAFJust for fun and show.Relays with ONLY 4 competitors teams? TO be serious has to be announced long time ago and to participate minimum 16 national teams with semifinals and etc.,
The music nearly ruined watching this record race.,I agree!  Too much of a distraction!
Wow - Kenya absoluately CRUSHING it here!  Much respect.,
"Look at those beautiful long strides by all the runners.
Elite Elite Runners Most Definitely",And our girls are so beautiful â¤â¤â¤
"proudly Kenyan, thumb ups team Kenya",
"Eye candy event. Put some clothes on, men run w/o wearing bikinis why not you?",
â¤â¤â¤â¤â¤CONGRATULATIONS!!ğŸ‘‘ğŸ‘‘ğŸ‘‘ğŸ‘‘from California Long Beach ğŸ‡ºğŸ‡¸,
Kipyegon na obiri ni moto,
Am proud to be a Kenyan ğŸ”¥ğŸ”¥ğŸ”¥,https://www.youtube.com/watch?v=iDEn0qnjN9o      Why?
Am proud to be a Kenyan ğŸ”¥ğŸ”¥ğŸ”¥,Zâ€‹@@ClaytonTownley
"I just don't understand, When exactly it happened?  At least what year?  And why at the end you show on podium Australian, but not Kenian?  Did Australian won the rase?  Love the race, don't like cropped video.",
"I don't cast any dispersion over the greatness of this event.  Such accomplished runners!  What an achievement!!
  BUT
_This race_ was run in 2014, 11 years ago.  

The next team to break the record was in 2020 with a time of 16: 27. 02 , a women's track club from Portland.

""90+Legends"" channel is *_repackaging old stuff._*   They show track and field history since 1999, hence ""Legends.""  However, they don't make that very clear. 
Apparently ""90+Legends"" saw an opportunity.

To be fair, this 2014 event was introduced in the past tense.  But the way it was set up made it seem like it was within the last few days, not _more than a decade._

The channel should have announced it as a 2014 event , with a bumper meme, right _at the beginning._",
ğŸ‰I love Kenya ğŸ‡°ğŸ‡ª,
Congratulations to the Kenyan princesses!!! I thought the USA was in 2nd place with a substantial lead. Dud they end up getting caught by Australia...???,
Congratulations to our queens..,
Pongezi as usual you make u proud,
"Excuse me!!!.  You've pictured the 2nd place winners on the podium, BUT NOT the team that broke the record and came in first!   Wtaf!!!!!",They canâ€™t just give credit where credit is due.
Well done Queens of Kenya ğŸ˜Šâ¤â¤â¤,
Kenya ğŸ‡°ğŸ‡ª women won with record breaking performance but you ended your video with team placing third?????? I Would definitely NOT subscribe to this channel.,
"Hello I am still running,  ğŸ˜‚",
Im proud of you Africa,
Show the winners [KANYA] on the stand. Not 3rd place.,
Proud kenyanğŸ‡°ğŸ‡ªğŸ‡°ğŸ‡ªğŸ‡°ğŸ‡ªğŸ‡°ğŸ‡ªcongrats â¤â¤â¤,
Africa is proud of you. Go go,As long as they aren't Muslim I'm always okay with whiever wins.
"Wow, what an accomplishment!  Well done!  ğŸ‘",
Just look at these ladies run and doing it with excellence!,
Congratulations to the Keyans .... pure EXCELLENCE!!!  But why at the end did you not show the Kenyans atop the podium for their world record-breaking win? ğŸ˜‘,Wow.  I can hardly believe that was left out.  SMH.
Congratulations to the Keyans .... pure EXCELLENCE!!!  But why at the end did you not show the Kenyans atop the podium for their world record-breaking win? ğŸ˜‘,Got dat azz whooped
Congratulations to the Keyans .... pure EXCELLENCE!!!  But why at the end did you not show the Kenyans atop the podium for their world record-breaking win? ğŸ˜‘,Kenyans are my favorite type of  AsiansğŸ™‚ğŸ¤—
Congratulations to the Keyans .... pure EXCELLENCE!!!  But why at the end did you not show the Kenyans atop the podium for their world record-breaking win? ğŸ˜‘,Qui as battu le record ? Tâ€™es aveugle ou tâ€™es idiot ? Le Kenya .
Congratulations to the Keyans .... pure EXCELLENCE!!!  But why at the end did you not show the Kenyans atop the podium for their world record-breaking win? ğŸ˜‘,Maybe wasn't the expectations ğŸ˜‚
My country Kenya,
10,
I am proud to be Kenyan! Fantastic display of Kenyan pride! Well done!!!!,Kenyans are the BEST TYPES OF ASIANS THERE ARE!!ğŸ™‚ğŸ™‚ğŸ™‚
I am proud to be Kenyan! Fantastic display of Kenyan pride! Well done!!!!,Congratulation to my kenyan sisters but ive never been proud to be akenyanğŸ˜¢
"""fearless""??  What in-the-world does fear have to do with running in a sports event (I've been there as a competitor, so don't trifle with me)??   Fear of losing?  Any competitor that is experiencing fear is in need of psychiatric assistance.   At this level of competition fear is the last thing that encumbers a competent athlete.  *Good video, but the WOKE hype is getting old.*",
Mabinti wa kenya wana ujasiri wa ajabu hawakubali kushindwa kirahisi huwa wqnapqmbana mpaka tone la mwisho Haswaaa kwenye riadha hawafanyi masiharq wala hiyana From TZâ¤,"And all people who've lived in remote areas of Kenya near Kakamega (in a hut, among our Luhya friends salute you and root for you as well. Congratulations to Faith Kipyegon who just keeps running. Jambo and Mirambe, monamo.)"
Mabinti wa kenya wana ujasiri wa ajabu hawakubali kushindwa kirahisi huwa wqnapqmbana mpaka tone la mwisho Haswaaa kwenye riadha hawafanyi masiharq wala hiyana From TZâ¤,â€‹@@c.r.samuelson5398milembe muno
Kongoi Kenyan queens.,
Congratulations Kenyan girls.all the way From East Africas,
"Dear Kenyan athletes , you are too brutal in the international tracks.

Your competitors often surrender the whole field for you.

Congratulations ğŸ‘ğŸ‰",
â¤â¤â¤kenya ğŸ‡°ğŸ‡ª ğŸ˜,
"Great Kenya, giant of Africa.",
Why not show all the remaining teams cross the line. Are we now only watching to see winners?,Yeah I came here to watch the losers. SMH
Why not show all the remaining teams cross the line. Are we now only watching to see winners?,Then watch losers elsewhere ğŸ˜‚ğŸ˜…ğŸ¤£
"Never mind people whining about men identifying as women in sports, black people totally dominate pretty much everything athletic. They are just vastly superior.",
Show the winners on stage,
"damn, would have been good to see the battle for second place as well. The US runner must have hit the wall as she had quite a lead over the young Aussie?",
"The U.S. got 2nd in this race, why did the announcer say they got 3rd?",I was wondering that myself and had to go back and rewatch the video again. LOL.
"The U.S. got 2nd in this race, why did the announcer say they got 3rd?","@@utopea 
I watched it twice and the U.S. took 2nd both times.  Is that what you saw as well?"
"THE GREAT â— An Epic of Strength and Stamina â—â—â—â—â—â—â— 
What a smoke of dust leafed behind â—â—â—â—â—â—â— 
ISAIAH 41:2,7 GOLDSMITH, PANDAYGINTO â—",
"Was they clean this time?ğŸ˜®
So many doping there in many year.",That was done to discredit Kenyan dominance by those that can never win.
Einfach groÃŸartig ğŸ’,
Congratulations to our lady heroines. Kenya RUNS world long-distance athletics. ğŸ‡°ğŸ‡ª,
â¤â¤â¤â¤â¤â¤â¤,
Amazing performance by the Kenyans ... but why didn't we see the battle for the silver and bronze?,
These Kenyans women are flying like jets!,ğŸ˜…
These Kenyans women are flying like jets!,bo to maÅ‚py.
ah well if you dont have any other skills you may as well run for your life. take advantage of you DNA.,
â€œâ€â€â€-,
"Beautiful race! Well done Kenya.
The stupid music that was added by the video creator at 16:24 almost ruined it for me! It was quite annoying.",
18:00 It begs the question.......?,
Wonderful performances.,
Congratulations to my beloved country Kenya ğŸ‘‘ğŸ‘‘ğŸ‘‘,
I proud cinya ledgent queen. I of u cinya.,
"Runner Faith K. is a legend. Team Kenya made this world record look easy. These women are superb athletes and true champions. Kudos to the Queens of distance running. They made history, again.",
Thumbs up to all Blacksâ¤,
"It took me too long to work out that this was 4 x 1500. I think the GB team could best this with Muir, Bell, Gill and Hodgkinson.",
These announcers are ridiculously annoying with their perspective about the talent for runners,Yes they're idiots
"Afrika Mashariki, Afrika Mashariki juu, juu, juu, juuğŸ‰ğŸ‰ğŸ‰ğŸ‰ğŸ‰ Jirani zetu Kenya, Kenya, Kenya juu, juu, juu kwa mbiyo ulimwenguni. Hakika mmenifanya nimetiririkwa sana, sana sana na machozi ya furaha...ni ile mbayaaaaaaaa, yaani usipimeeeeeee!!!!!!!! Mnatuwakilisha VIZURI SANA ulimwenguni. â¤â¤â¤â¤â¤ğŸ’ªğŸ’ªğŸ’ªğŸ‡°ğŸ‡ªğŸ‡ºğŸ‡¬ğŸ‡¹ğŸ‡¿ğŸ˜ğŸ˜ğŸŒ¹ğŸŒ¹. Pokeeni salaam zangu za furaha kutoka kwangu jirani yenu, ndugu yenu M-TzğŸ‡¹ğŸ‡¿).",ğŸ‡°ğŸ‡ª
"Afrika Mashariki, Afrika Mashariki juu, juu, juu, juuğŸ‰ğŸ‰ğŸ‰ğŸ‰ğŸ‰ Jirani zetu Kenya, Kenya, Kenya juu, juu, juu kwa mbiyo ulimwenguni. Hakika mmenifanya nimetiririkwa sana, sana sana na machozi ya furaha...ni ile mbayaaaaaaaa, yaani usipimeeeeeee!!!!!!!! Mnatuwakilisha VIZURI SANA ulimwenguni. â¤â¤â¤â¤â¤ğŸ’ªğŸ’ªğŸ’ªğŸ‡°ğŸ‡ªğŸ‡ºğŸ‡¬ğŸ‡¹ğŸ‡¿ğŸ˜ğŸ˜ğŸŒ¹ğŸŒ¹. Pokeeni salaam zangu za furaha kutoka kwangu jirani yenu, ndugu yenu M-TzğŸ‡¹ğŸ‡¿).",â¤from. ğŸ‡°ğŸ‡ª
"Afrika Mashariki, Afrika Mashariki juu, juu, juu, juuğŸ‰ğŸ‰ğŸ‰ğŸ‰ğŸ‰ Jirani zetu Kenya, Kenya, Kenya juu, juu, juu kwa mbiyo ulimwenguni. Hakika mmenifanya nimetiririkwa sana, sana sana na machozi ya furaha...ni ile mbayaaaaaaaa, yaani usipimeeeeeee!!!!!!!! Mnatuwakilisha VIZURI SANA ulimwenguni. â¤â¤â¤â¤â¤ğŸ’ªğŸ’ªğŸ’ªğŸ‡°ğŸ‡ªğŸ‡ºğŸ‡¬ğŸ‡¹ğŸ‡¿ğŸ˜ğŸ˜ğŸŒ¹ğŸŒ¹. Pokeeni salaam zangu za furaha kutoka kwangu jirani yenu, ndugu yenu M-TzğŸ‡¹ğŸ‡¿).","thank you brother,,,,,,"
"Afrika Mashariki, Afrika Mashariki juu, juu, juu, juuğŸ‰ğŸ‰ğŸ‰ğŸ‰ğŸ‰ Jirani zetu Kenya, Kenya, Kenya juu, juu, juu kwa mbiyo ulimwenguni. Hakika mmenifanya nimetiririkwa sana, sana sana na machozi ya furaha...ni ile mbayaaaaaaaa, yaani usipimeeeeeee!!!!!!!! Mnatuwakilisha VIZURI SANA ulimwenguni. â¤â¤â¤â¤â¤ğŸ’ªğŸ’ªğŸ’ªğŸ‡°ğŸ‡ªğŸ‡ºğŸ‡¬ğŸ‡¹ğŸ‡¿ğŸ˜ğŸ˜ğŸŒ¹ğŸŒ¹. Pokeeni salaam zangu za furaha kutoka kwangu jirani yenu, ndugu yenu M-TzğŸ‡¹ğŸ‡¿).",ğŸ‘ŸğŸ’ªğŸ‡°ğŸ‡ªğŸ‡°ğŸ‡ªğŸ™ğŸ†â¤ï¸
"Afrika Mashariki, Afrika Mashariki juu, juu, juu, juuğŸ‰ğŸ‰ğŸ‰ğŸ‰ğŸ‰ Jirani zetu Kenya, Kenya, Kenya juu, juu, juu kwa mbiyo ulimwenguni. Hakika mmenifanya nimetiririkwa sana, sana sana na machozi ya furaha...ni ile mbayaaaaaaaa, yaani usipimeeeeeee!!!!!!!! Mnatuwakilisha VIZURI SANA ulimwenguni. â¤â¤â¤â¤â¤ğŸ’ªğŸ’ªğŸ’ªğŸ‡°ğŸ‡ªğŸ‡ºğŸ‡¬ğŸ‡¹ğŸ‡¿ğŸ˜ğŸ˜ğŸŒ¹ğŸŒ¹. Pokeeni salaam zangu za furaha kutoka kwangu jirani yenu, ndugu yenu M-TzğŸ‡¹ğŸ‡¿).",Thanks much cuzo
ğŸ‘ğŸ‘ğŸ‘ğŸ‘ğŸ’ªğŸ’ªğŸ’ªğŸ’ª,
"I would love to party with these women, so fit!!",
That's what they are Queens ğŸ‘‘,
"Gab gab gab gab.... British intellects trying to make a dollar out of $0.99. just let the runners run. Just watch and see who wins. We don't need all of your massive, useless, analysis. Gab gab gab gab.",
De tous les temps ????,
Chicks are lucky they don't have to compete against men,
"Awww @18:45 you blew it.  Australia got bronze,.  The video shows USA finishing in second just a few moments before you misspoke.  The record was set earlier in the year, beating the 5 year old record of the University of Tennessee by .17.  17:08.17 was the target.  Australia in third barely missed the existing world record, 17:08.65,  USA was almost 13 seconds faster that the record when they stepped on the track.  16:55.33  Of Course Kenya was almost 35 seconds better at 16:33.58",
probably kenyans as early as one year old are the fastest runners in the world,
Wow outstanding,
This is from 2014 and it was obvious the fix was in,
One Kenya ğŸ˜ğŸ˜…ğŸ˜€ğŸ˜€ğŸ™Œ,
Who can beat the best?ğŸ˜‚ğŸ˜‚ğŸ˜‚ğŸ˜‚ğŸ˜‚ğŸ˜‚ğŸ˜‚ğŸ˜‚ğŸ˜‚ğŸ˜‚ğŸ˜‚ğŸ˜‚,
Course qui n'est pratiquement jamais courue. IntÃ©rÃªt trÃ¨s ... limitÃ© !,
Ninasisimuka na goose bumps na machozi from Texas,Nyamweya uko kisii acha mchezo
Ninasisimuka na goose bumps na machozi from Texas,â€‹@@jonnemark2081ğŸ˜‚ğŸ˜‚ğŸ˜‚ğŸ˜‚
Long black socks really?,
Yes Kenyans.. Queens..you smashed that record..ğŸ’¯ğŸ’¯ğŸ’šğŸ’šğŸ«¶ğŸ«¶ğŸ™ğŸ™ğŸ”¥ğŸ”¥,
"This is just black power.The melanin blessing from The Creator Yahweh and Yehoshoua Mashiah are blacks skin men base about the bible stories. Daniel 7v9 and apocalyps 1v14 the description of melanin in Yahweh and Yehoshoua Mashiah. Just the greatest and powerfull People over the world until now  on this planet earth black People , because if you did the rhetoric history on the planet earth , only blacks People were existed over the planet earth black and White skin People had only 8 thousands years, on the planet earth base about the sciences.",
I miss it,
This is an old race from 2014.,
Much Love my kenyan sisters well done am happy to be a kenyan â¤,
Our ancestors were the queen and king,
â¤â¤â¤â¤Africa Kenyan Queens !!!,
"So, what was the  previous world record??.",
Great result for our Australia team. ğŸ‡¦ğŸ‡º,
i havent seen Australia beaten the Americans for the 2nd place ....,I am asking the same thing.  When did the Australians pass the U.S.?
I LOVE how the commentator called them the FOUR KENYAN QUEENS!!!  Yessss...they are Queens!  Congratulations Kenyan Queens for establishing a new world record!!!!,"What is Kayla Harrison then...Kayla Harrison is a 2 time Olympic Champion and the current UfC champion and she is and INCREDIBLE ATHLETEğŸ˜ğŸ¥¸ğŸ˜ Harrison is not Kenyan though, Harrison is a white American woman...would you still call Harrison a Queen? I would"
I LOVE how the commentator called them the FOUR KENYAN QUEENS!!!  Yessss...they are Queens!  Congratulations Kenyan Queens for establishing a new world record!!!!,My question exactly
I LOVE how the commentator called them the FOUR KENYAN QUEENS!!!  Yessss...they are Queens!  Congratulations Kenyan Queens for establishing a new world record!!!!,QUEENS DON'T RUN.
I LOVE how the commentator called them the FOUR KENYAN QUEENS!!!  Yessss...they are Queens!  Congratulations Kenyan Queens for establishing a new world record!!!!,â€‹@@gizzys-bigwizzy7629 stop the jealousy ğŸ˜‚ğŸ˜‚ğŸ˜‚ focus this is the race we are focusing on. The ladies did a phenomenal job !
i found this kind of competitions very boring. just the short distances and high velocity count,
The Kenyan in the first lap looks like she is wearing a skunk on her head.,
2014,
"No competition, wow !",
Auf Wiedersehn Pet,
"Meine Kampf. 
Suffering Suckertash",
"Mercy Cherono, Faith Kipyegon, Irene Jelagat and Hellen Obiri hoiyeeeeee! ğŸ”¥ğŸ”¥ğŸ”¥ğŸ”¥ğŸ”¥ğŸ”¥ğŸ‡°ğŸ‡ªğŸ‡°ğŸ‡ªğŸ‡°ğŸ‡ªğŸ‡°ğŸ‡ªğŸ‡°ğŸ‡ª 
Can't congratulate ğŸ‰ğŸ‰ğŸ‰ğŸ‰ you enough.
Kenyans are forever indebted to you.",They flew our Kenyan ğŸ‡°ğŸ‡ª flag high. God bless these beautiful ladies. God bless our Kenyan athletes. God bless Kenya. #proudlyKenyan
"Mercy Cherono, Faith Kipyegon, Irene Jelagat and Hellen Obiri hoiyeeeeee! ğŸ”¥ğŸ”¥ğŸ”¥ğŸ”¥ğŸ”¥ğŸ”¥ğŸ‡°ğŸ‡ªğŸ‡°ğŸ‡ªğŸ‡°ğŸ‡ªğŸ‡°ğŸ‡ªğŸ‡°ğŸ‡ª 
Can't congratulate ğŸ‰ğŸ‰ğŸ‰ğŸ‰ you enough.
Kenyans are forever indebted to you.",Sisi ndio
"Mercy Cherono, Faith Kipyegon, Irene Jelagat and Hellen Obiri hoiyeeeeee! ğŸ”¥ğŸ”¥ğŸ”¥ğŸ”¥ğŸ”¥ğŸ”¥ğŸ‡°ğŸ‡ªğŸ‡°ğŸ‡ªğŸ‡°ğŸ‡ªğŸ‡°ğŸ‡ªğŸ‡°ğŸ‡ª 
Can't congratulate ğŸ‰ğŸ‰ğŸ‰ğŸ‰ you enough.
Kenyans are forever indebted to you.",Obiri with your team heyee
"Mercy Cherono, Faith Kipyegon, Irene Jelagat and Hellen Obiri hoiyeeeeee! ğŸ”¥ğŸ”¥ğŸ”¥ğŸ”¥ğŸ”¥ğŸ”¥ğŸ‡°ğŸ‡ªğŸ‡°ğŸ‡ªğŸ‡°ğŸ‡ªğŸ‡°ğŸ‡ªğŸ‡°ğŸ‡ª 
Can't congratulate ğŸ‰ğŸ‰ğŸ‰ğŸ‰ you enough.
Kenyans are forever indebted to you.",GIRLS WITH NO BOOBS CAN REALLY RUN
"Mercy Cherono, Faith Kipyegon, Irene Jelagat and Hellen Obiri hoiyeeeeee! ğŸ”¥ğŸ”¥ğŸ”¥ğŸ”¥ğŸ”¥ğŸ”¥ğŸ‡°ğŸ‡ªğŸ‡°ğŸ‡ªğŸ‡°ğŸ‡ªğŸ‡°ğŸ‡ªğŸ‡°ğŸ‡ª 
Can't congratulate ğŸ‰ğŸ‰ğŸ‰ğŸ‰ you enough.
Kenyans are forever indebted to you.",NICE TO SEE WHITES PERFORMING WELL
Kenya my country â¤,
Show them what youâ€™re made of ğŸ˜‚ğŸ˜‚â¤ğŸƒğŸ¾â€â™€ï¸ğŸƒğŸ¾â€â™€ï¸,
Wahooooo ğŸ‡°ğŸ‡ªğŸ‡°ğŸ‡ªğŸ‡°ğŸ‡ªğŸ‡°ğŸ‡ªğŸ‡°ğŸ‡ª,
"Nice display wow, black is always number 1",Not in ability to do well in civilized countries.  Same the world over.
"Nice display wow, black is always number 1","Black women runners are dominating in the sprints and the marathons but the white women are still doing well in the middle distances such as Sydney McLaughlin, Femke Bol, Jessica Hull."
"Nice display wow, black is always number 1","@@georgerife8729 Uuhh.. Sidney isnt white. If anything, she is mixed with black potency!"
"Nice display wow, black is always number 1","@@georgerife8729 
Sydney is not a white women. She is bi-racial. Gorgeous female."
"Nice display wow, black is always number 1",@@FlaThunderstorm OK true but sheâ€™s not all or mostly black anyway
ğŸ‡°ğŸ‡ªğŸ‡°ğŸ‡ªğŸ‡°ğŸ‡ªğŸ‡°ğŸ‡ªğŸ‡°ğŸ‡ªğŸ‡°ğŸ‡ª,
"The women's world record for the 4 x 1500 metres relay is 16:27.02. This record was set by an American team consisting of Colleen Quigley, Elise Cranny, Karissa Schweizer, and Shelby Houlihan on July 31, 2020 at the Bowerman Track Club Intrasquad IV meet in Portland, Oregon.",Is that in an alternate universe or something? or this video is from a later date?
"The women's world record for the 4 x 1500 metres relay is 16:27.02. This record was set by an American team consisting of Colleen Quigley, Elise Cranny, Karissa Schweizer, and Shelby Houlihan on July 31, 2020 at the Bowerman Track Club Intrasquad IV meet in Portland, Oregon.",This race was run in 2014 and was the WR until 2020.
"The women's world record for the 4 x 1500 metres relay is 16:27.02. This record was set by an American team consisting of Colleen Quigley, Elise Cranny, Karissa Schweizer, and Shelby Houlihan on July 31, 2020 at the Bowerman Track Club Intrasquad IV meet in Portland, Oregon.",Yeah this must be older race as they beat this time! Wow ğŸ˜® thatâ€™s crazy! ğŸ˜
"The women's world record for the 4 x 1500 metres relay is 16:27.02. This record was set by an American team consisting of Colleen Quigley, Elise Cranny, Karissa Schweizer, and Shelby Houlihan on July 31, 2020 at the Bowerman Track Club Intrasquad IV meet in Portland, Oregon.",And has 4 of top times with Kenya number 2!
"Dreadful, over the top intro made me move onâ€¦â€¦",Sorry you felt so chap
It sure would have been nice if somewhere it said the length of the race.,15 laps
@Ergopho - The Kenyans did break the Womenâ€™s World Record what are you talking about!?,
"Wow, what an incredible display of speed and strategy! ğŸŒŸ The way these athletes pushed each other to the limit was nothing short of inspiring. Can't believe how close they were to breaking the world record! ğŸƒâ€â™€ğŸ’¨ Who else was on the edge of their seat during those changeovers? ğŸ™Œ","The Kenyans did break the world record at the time but that was later broken by a US team, in 2020 I think and that is still the current world record."
"Wow, what an incredible display of speed and strategy! ğŸŒŸ The way these athletes pushed each other to the limit was nothing short of inspiring. Can't believe how close they were to breaking the world record! ğŸƒâ€â™€ğŸ’¨ Who else was on the edge of their seat during those changeovers? ğŸ™Œ",@@georgerife8729 So this video is from a later date?
Kenya ğŸ‡°ğŸ‡ª ahoyeee âœŠğŸ¾âœŠğŸ¾âœŠğŸ¾âœŠğŸ¾,HoyeeeeeerğŸ˜‚ğŸ˜‚ğŸ‰ğŸ‰
"Did the commentator not watch the race?  How could Australia win silver when they came in third, well behind the American team?",
"Warembo wa Kenya wamelazimisha watangazaji kutaja majina ya asili ya Kenya kwa usahihi bila hiyari kwa sababu ya kazi bora sana ambayo wakimbiaji wa Kenya wamekuwa wakifanya huko duniani.
Nilikuwa nasikia tu Kipyegon, Obiri.....
Hatari sana wawakilishi wetu toka kenya. Nimetokwa machozi ya excitement kuona nidhamu ya hawa warembo, ya kukimbia peke yakobkwa pace ya kasi kama walivyofanya.
NIMEPENDEZEWA SANA.","Mimi nimefurahi hadi nimetokwa na machozi ya furaha yakajaza galoni moja... Wee acha tu; usipime... Hiyo mioto ğŸ”¥ğŸ”¥ğŸ”¥ğŸ”¥ya mbiyo za hawa ndugu zetu si ya dunia hii...bali ni ya kule juu mawinguni. Wakati wazungu walikuwa wakikimbia uwanjani, Wakenya (Waafrika) tulikuwa tunakimbia ANGANI/ MAWINGUNIğŸ˜‚ğŸ˜‚ğŸ˜‚ ğŸ”¥ğŸ”¥ğŸ”¥ğŸ”¥ğŸ”¥Mungu Endelea kuibariki Afrika Mashariki na Afrika yote!"
"Warembo wa Kenya wamelazimisha watangazaji kutaja majina ya asili ya Kenya kwa usahihi bila hiyari kwa sababu ya kazi bora sana ambayo wakimbiaji wa Kenya wamekuwa wakifanya huko duniani.
Nilikuwa nasikia tu Kipyegon, Obiri.....
Hatari sana wawakilishi wetu toka kenya. Nimetokwa machozi ya excitement kuona nidhamu ya hawa warembo, ya kukimbia peke yakobkwa pace ya kasi kama walivyofanya.
NIMEPENDEZEWA SANA.",Asante sana jirani
Chepgeyon ni dem wangu,Hakuna kitu ka Chepyegon kwa kalenjin yawaa
Chepgeyon ni dem wangu,â€‹@@Abbie-p6kHe's a Mumu forcing everything ğŸ˜‚ğŸ˜‚ğŸ˜‚ğŸ˜‚ğŸ˜‚ğŸ˜‚
Chepgeyon ni dem wangu,Trying to be all knowing ğŸ˜‚ğŸ˜‚ğŸ˜‚â€‹@pkuruicheruiyot
Chepgeyon ni dem wangu,We kojoa ulale
Chepgeyon ni dem wangu,"â€‹@@Abbie-p6ksomeone to tell him that we know even the reason why we're called by our names,as per the weather and culture"
Wonderful job KENYAN!!! from Ethiopia,Fastest WOMEN'S relay ever?
Kenyalu bayan koÅŸucular Ã¼lkelerine dÃ¶ndÃ¼ndÃ¼ler diÄŸer koÅŸucular hala koÅŸuyorlardÄ±ğŸ˜‚,
Il Kenya non si batte ğŸ’ª i Love You Kenya ğŸ‡°ğŸ‡ªğŸ‡°ğŸ‡ªğŸ‡°ğŸ‡ªğŸ‡°ğŸ‡ªğŸ‡°ğŸ‡ªâ¤â¤â¤â¤â¤,
How much does it help that there are fewer runners... less interference.,
Zinakaa za kitambo,I think this was 2014
Why are all track events in low-res video?  Not worth watching.,
Kongoi mising tetesğŸ˜Šâ¤â¤ğŸ‡°ğŸ‡ªğŸ‡°ğŸ‡ª,
Viva team ğŸ‡°ğŸ‡ªğŸ‡°ğŸ‡ªğŸ‡°ğŸ‡ª,
Black arses drugged up,
"When we Kenyans commit, we always conquer",
Strange that Australia didn't have Jess Hull and Hall there.,"Oh, this is from 2014."
Cuzo juu ğŸ‰,
â¤ï¸ğŸ‡°ğŸ‡ª,
Not happy that the other finishers were not shown.,Yeah! The US was in 2nd  before the last run but got bronze in the end. The remaining runners should be in this video.ğŸ˜Š
Not happy that the other finishers were not shown.,"Yeh before asking to subscribe, one must do complete the job till end"
Hello cousins....... congratulations to our own ğŸ‰ğŸ‰ğŸ‰ğŸ‰,
Congrats Jelagat!!! ğŸ‰ğŸ‰ğŸ‰,Thankyoukenay
kenya started fast their opponent just walking,
ğŸ‘ŠğŸ¾ğŸ‘ŠğŸ¾ğŸ‡°ğŸ‡ªğŸ‡°ğŸ‡ªğŸ‡°ğŸ‡ªğŸ‡°ğŸ‡ªğŸ¥ºğŸ’–ğŸ’–ğŸ’–,
ãƒã‚«ãƒã‚«ã—ã„ã€€ã“ã®éš›ãƒãƒ©ã‚½ãƒ³ã§ã‚„ã£ãŸã‚‰ï¼Ÿ,
Kenya uiiiiiiiiiiiiiiiiiiğŸ‡°ğŸ‡ªğŸ‡°ğŸ‡ªğŸ‡°ğŸ‡ªğŸ‡°ğŸ‡ªğŸ‡°ğŸ‡ªğŸ‡°ğŸ‡ªğŸ‡°ğŸ‡ªğŸ‡°ğŸ‡ªğŸ‡°ğŸ‡ªğŸ‡°ğŸ‡ª,
Lets go Kenya!! .....well deserved!,
ğŸ˜Š,
